artist_mbid,artist_name,rg_mbid,rg_title,primary_type,first_release_date,first_release_year
859d0860-d480-4efd-970c-c05d5f1776b8,Beyoncé,16553eee-ed51-340c-a6f9-f45281d63deb,"Promo Only: Urban Radio, September 2002",Album,2002-08,2002.0
859d0860-d480-4efd-970c-c05d5f1776b8,Beyoncé,af101389-d679-4fbd-a6b3-3bd5c1eff47b,Work It Out,Single,2002-07-15,2002.0
859d0860-d480-4efd-970c-c05d5f1776b8,Beyoncé,f639ba46-b371-3262-b494-5f2dbee36f5c,Dangerously in Love,Album,2003-06-25,2003.0
859d0860-d480-4efd-970c-c05d5f1776b8,Beyoncé,db1e2701-1bb5-38dc-9073-00a58ba784d3,Live at Wembley,Album,2004-04-26,2004.0
859d0860-d480-4efd-970c-c05d5f1776b8,Beyoncé,995f181c-4a34-3c97-b815-4e3a7c24f069,Woman VI,Album,2004-10-28,2004.0
859d0860-d480-4efd-970c-c05d5f1776b8,Beyoncé,4880d6ab-3074-3483-9297-6f0dbb518688,Deja vu,Single,2006-11,2006.0
859d0860-d480-4efd-970c-c05d5f1776b8,Beyoncé,7f3bb527-a026-32e7-96db-a30ddf50e5f2,Fired Up! 3,Album,2006-02-21,2006.0
859d0860-d480-4efd-970c-c05d5f1776b8,Beyoncé,2c636c41-f3a4-46ee-a9f6-8f1db27e442d,Ring the Alarm,Single,2006,2006.0
859d0860-d480-4efd-970c-c05d5f1776b8,Beyoncé,1f0ddb46-3247-426f-a51e-955257aee146,You're Fit,Album,2006,2006.0
859d0860-d480-4efd-970c-c05d5f1776b8,Beyoncé,9fdbccb2-9b51-36b7-b643-c7ae586b797d,B’Day,Album,2007-04-03,2007.0
859d0860-d480-4efd-970c-c05d5f1776b8,Beyoncé,96e72881-581f-4830-a771-f97777c6751c,B’Day Anthology Video Album,Album,2007-04-03,2007.0
859d0860-d480-4efd-970c-c05d5f1776b8,Beyoncé,d14c8b62-e10a-4e8d-a668-97b94e94c0a6,DMC Commercial Collection 295,Album,2007-08,2007.0
859d0860-d480-4efd-970c-c05d5f1776b8,Beyoncé,a23670af-0527-486d-ae6c-c1a093b0a9d6,"Gunsta Fighters, Volume 1",Album,2007-05-20,2007.0
859d0860-d480-4efd-970c-c05d5f1776b8,Beyoncé,b6d34031-2c7a-4e1d-820a-ee567ef217e4,The Beyoncé Experience Live,Album,2007-11-19,2007.0
859d0860-d480-4efd-970c-c05d5f1776b8,Beyoncé,6f8e8119-de1b-39f0-85ca-b5252cb9211d,I Am… Sasha Fierce,Album,2008-10-13,2008.0
859d0860-d480-4efd-970c-c05d5f1776b8,Beyoncé,be855681-318c-4b67-b863-fccf33dc6495,Mr. Mig Remix Sampler ’08,Album,2008,2008.0
859d0860-d480-4efd-970c-c05d5f1776b8,Beyoncé,34e5762e-2049-3c4f-8b2a-23aff3efa5a2,"Promo Only: Mainstream Club, January 2009",Album,2008-12-10,2008.0
859d0860-d480-4efd-970c-c05d5f1776b8,Beyoncé,4679a456-b742-4b6e-b14d-97d8e027a1c4,With Love X: 40 Beautiful Songs to Show You Care,Album,2008-02-04,2008.0
859d0860-d480-4efd-970c-c05d5f1776b8,Beyoncé,6cfc728b-c417-4993-9630-54beb7845579,Your Girls Favorite Mixtape (Fall Edition 2),Album,2008-11-22,2008.0
859d0860-d480-4efd-970c-c05d5f1776b8,Beyoncé,cd8f701a-1109-4d5c-91ea-ecb12fa24fd8,Above and Beyoncé: Dance Mixes,Album,2009-11-03,2009.0
859d0860-d480-4efd-970c-c05d5f1776b8,Beyoncé,01709eed-17da-4cea-91aa-682f121ed25b,Broken‐Hearted Girl (single & remixes),Single,2009-10,2009.0
859d0860-d480-4efd-970c-c05d5f1776b8,Beyoncé,2deca8cb-40f6-4580-a5b3-e234a1b26728,Halo,Single,2009,2009.0
859d0860-d480-4efd-970c-c05d5f1776b8,Beyoncé,e423cbbe-239a-41fa-be5c-b3f150eedf61,I Am… Yours: An Intimate Performance at Wynn Las Vegas,Album,2009-11-23,2009.0
859d0860-d480-4efd-970c-c05d5f1776b8,Beyoncé,72bce180-0b84-4fef-8863-9b67ceae077a,If I Were a Boy: Dance Mixes – Volume II,Single,2009-02-03,2009.0
859d0860-d480-4efd-970c-c05d5f1776b8,Beyoncé,e7bc4374-2337-4225-adb3-71eefe269186,Miss Swing Miss Soul,Album,2009-09,2009.0
859d0860-d480-4efd-970c-c05d5f1776b8,Beyoncé,61e7062f-0def-3b82-b47e-1abdf6803829,Si yo fuera un chico,Single,2009-02-16,2009.0
859d0860-d480-4efd-970c-c05d5f1776b8,Beyoncé,0c87c783-9753-4ef9-af7d-99a0cad11a61,Single Ladies (Put a Ring on It) Dance Mixes,Single,2009-02-10,2009.0
859d0860-d480-4efd-970c-c05d5f1776b8,Beyoncé,f563c31c-2f9d-4fa4-85da-75596991e316,The Singles Collection,Album,2009-11-04,2009.0
859d0860-d480-4efd-970c-c05d5f1776b8,Beyoncé,77ee1120-d41a-4da1-925b-467d1f42bd37,Video Phone (remix bundle),Single,2009,2009.0
859d0860-d480-4efd-970c-c05d5f1776b8,Beyoncé,23f24641-e1ec-4ad9-a000-b68164d19016,Hope for Haiti Now,Album,2010-01-22,2010.0
859d0860-d480-4efd-970c-c05d5f1776b8,Beyoncé,284c78ea-6fdb-489f-a19d-0f29a7834332,I Am… World Tour,Album,2010-11-26,2010.0
859d0860-d480-4efd-970c-c05d5f1776b8,Beyoncé,d4f2cd14-acc3-3ca4-9d44-ede42713daf5,JUST STAND UP!,Single,2010,2010.0
859d0860-d480-4efd-970c-c05d5f1776b8,Beyoncé,e8cf1c41-2784-4fa5-b6e4-e25f99b79743,Why Don't You Love Me,EP,2010,2010.0
859d0860-d480-4efd-970c-c05d5f1776b8,Beyoncé,af3d4773-74cc-41f2-83df-63a43221f589,4 Intimate Nights With Beyoncé,Album,2011-08-14,2011.0
859d0860-d480-4efd-970c-c05d5f1776b8,Beyoncé,8516d580-a051-44af-9f59-5394418d14d9,Best Thing I Never Had (remixes),Single,2011,2011.0
859d0860-d480-4efd-970c-c05d5f1776b8,Beyoncé,af20e7e8-3381-4c3a-8675-9340abe23d3d,Bootlegs 2011,Other,2011-10-08,2011.0
859d0860-d480-4efd-970c-c05d5f1776b8,Beyoncé,b3b8afce-45a4-492b-93a8-0eab68444f1b,Countdown (UK Remixes),Single,2011,2011.0
859d0860-d480-4efd-970c-c05d5f1776b8,Beyoncé,5596792d-4bec-494c-ac9f-8906ed4b325e,Heat,EP,2011-02,2011.0
859d0860-d480-4efd-970c-c05d5f1776b8,Beyoncé,bcce3982-92a9-48fa-a874-c6b3844c5034,I Am… Tour Instrumentals,Album,2011-02-01,2011.0
859d0860-d480-4efd-970c-c05d5f1776b8,Beyoncé,80ade518-27d1-4363-95ee-90bde5255a68,Much Dance 2012,Album,2011-11-08,2011.0
859d0860-d480-4efd-970c-c05d5f1776b8,Beyoncé,cd1faf95-2501-4d58-8dda-f63d20e192f3,Run the World (Girls) (remixes),Single,2011,2011.0
859d0860-d480-4efd-970c-c05d5f1776b8,Beyoncé,495a309a-ff5a-4d5b-a53f-dd25425bc650,End of Time,Single,2012,2012.0
859d0860-d480-4efd-970c-c05d5f1776b8,Beyoncé,a6e55ef4-5a58-4498-baa7-da2771682e7a,Life Is but a Dream / Live in Atlantic City,Broadcast,2013-11-29,2013.0
859d0860-d480-4efd-970c-c05d5f1776b8,Beyoncé,d71aab04-97bf-4a3d-91da-9620402c87b8,☺RYANPACKv.1☺,Album,2013-12-26,2013.0
859d0860-d480-4efd-970c-c05d5f1776b8,Beyoncé,2e9ad0a9-0154-4da1-9908-d8edf5b7e003,#Eternal Love Therapy,Album,2014,2014.0
859d0860-d480-4efd-970c-c05d5f1776b8,Beyoncé,0d21844a-186d-413d-9b78-7efe3a4617c2,Advent 14 / 15,Other,2014-12-25,2014.0
859d0860-d480-4efd-970c-c05d5f1776b8,Beyoncé,193f9c03-009c-4f78-9e84-7e7619f64361,Drunk In Love Dancehall Refix,Single,2014,2014.0
859d0860-d480-4efd-970c-c05d5f1776b8,Beyoncé,89648b48-41c8-42bd-99d1-ad50a55b7b43,Partition,Single,2014,2014.0
859d0860-d480-4efd-970c-c05d5f1776b8,Beyoncé,9cbe90eb-80ab-41fe-a35b-ee074c650a2f,Pretty Hurts,Single,2014,2014.0
859d0860-d480-4efd-970c-c05d5f1776b8,Beyoncé,52659e28-9e7a-4256-8bc1-c1a7331a1779,"Promo Only: Mainstream Radio, February 2014",Album,2014-01-21,2014.0
859d0860-d480-4efd-970c-c05d5f1776b8,Beyoncé,d096e34c-0e60-45e0-b223-63b85946e2db,7/11,Single,2015,2015.0
859d0860-d480-4efd-970c-c05d5f1776b8,Beyoncé,b6adbcc9-b024-4b5b-96ba-dc8f281d2d58,PAFF PAFF PASS: The Remixtape,Album,2015-06-20,2015.0
859d0860-d480-4efd-970c-c05d5f1776b8,Beyoncé,dccf932c-8247-4685-8596-429f47d1533e,"Reflections, Edits & Flips",Album,2015-08-31,2015.0
859d0860-d480-4efd-970c-c05d5f1776b8,Beyoncé,c1f22e07-7bdf-4a4f-8b50-7747c1091ef6,Lemonade,Album,2016-05-06,2016.0
859d0860-d480-4efd-970c-c05d5f1776b8,Beyoncé,a32fb3f5-0c38-47cc-980c-44cc181c52de,HOMECOMING: THE LIVE ALBUM,Album,2019-04-17,2019.0
859d0860-d480-4efd-970c-c05d5f1776b8,Beyoncé,0c9ca057-3b17-44fe-8e11-21e33ba4ea06,"R&B, Pt. 5: The Revolution",Album,2019-07-24,2019.0
859d0860-d480-4efd-970c-c05d5f1776b8,Beyoncé,7bbaafd2-70c1-44c9-a17e-d4d8f52e4a57,BLACK PARADE,Single,2020-06-20,2020.0
859d0860-d480-4efd-970c-c05d5f1776b8,Beyoncé,b98c86e2-6e79-477e-9c54-c5f0ce96472f,The Lion King: The Gift,Album,2020-07-31,2020.0
859d0860-d480-4efd-970c-c05d5f1776b8,Beyoncé,3241b97e-05d8-4810-8474-293f085d7e77,BREAK MY SOUL,Single,2022-07-22,2022.0
859d0860-d480-4efd-970c-c05d5f1776b8,Beyoncé,5f6963a2-5b9e-4d21-bcaf-5f58febd9ca0,BREAK MY SOUL REMIXES,Single,2022-08-02,2022.0
859d0860-d480-4efd-970c-c05d5f1776b8,Beyoncé,2c385052-5083-43a2-b1e5-36566d2ae3c0,RENAISSANCE,Album,2022-07-29,2022.0
859d0860-d480-4efd-970c-c05d5f1776b8,Beyoncé,9d377ec8-dcec-4b48-aa51-302acc5bea1d,CUFF IT,Single,2023-02-08,2023.0
859d0860-d480-4efd-970c-c05d5f1776b8,Beyoncé,6ed861c4-7a13-4571-bae0-cd5eb1c99d17,Live from the Barbie Dream House,Album,2023-07-28,2023.0
859d0860-d480-4efd-970c-c05d5f1776b8,Beyoncé,09850671-b8b2-4da3-9110-542da528624a,RENAISSANCE WORLD TOUR: THE LIVE ALBUM,Album,2023-09-08,2023.0
859d0860-d480-4efd-970c-c05d5f1776b8,Beyoncé,8596171e-23b2-4bdd-8f1c-11960df0ecbe,BEYONCÉ,Album,,
859d0860-d480-4efd-970c-c05d5f1776b8,Beyoncé,6c505790-7dfb-3031-922c-317c2d222e8b,Baby Girl: Beyoncé,Album,,
859d0860-d480-4efd-970c-c05d5f1776b8,Beyoncé,bc012ba8-a84f-4318-889f-7ca15f1f68a2,Beautiful Liar - EP,EP,,
859d0860-d480-4efd-970c-c05d5f1776b8,Beyoncé,f9e6e093-ca4c-3547-8b61-2a415f6e19b9,Break Ups 2 Make Ups (The Break Up session),Album,,
859d0860-d480-4efd-970c-c05d5f1776b8,Beyoncé,fa566e7b-254a-4fab-8aa5-ebcb7592d7f2,COWBOY CARTER,Album,,
859d0860-d480-4efd-970c-c05d5f1776b8,Beyoncé,b5a65a07-ef55-4d1c-b3a8-0368c5e9fd27,"Dijon FM, Ep. 1",Broadcast,,
859d0860-d480-4efd-970c-c05d5f1776b8,Beyoncé,887a8bcc-5b28-4892-aa0d-46f24d283d16,FLAMENCO,Other,,
859d0860-d480-4efd-970c-c05d5f1776b8,Beyoncé,727d1df6-c2af-46c4-a04d-078acaba6b42,Formation (Slaptop Bootleg),Single,,
859d0860-d480-4efd-970c-c05d5f1776b8,Beyoncé,dc7f6521-04bd-42b6-bc15-5f1e0435b47e,Grandmaster 2004: The DJ Set,Album,,
859d0860-d480-4efd-970c-c05d5f1776b8,Beyoncé,65ba794d-c2f0-4c2a-816f-8b7b352dc73a,Jump Off 15,Album,,
859d0860-d480-4efd-970c-c05d5f1776b8,Beyoncé,b7090d1d-821a-4fa1-be21-6de43718d90b,Love Letters,Album,,
859d0860-d480-4efd-970c-c05d5f1776b8,Beyoncé,f27ccb6c-634e-4297-aeda-410ca8cd9c94,Platinum Slow Jams 25,Album,,
859d0860-d480-4efd-970c-c05d5f1776b8,Beyoncé,aad11c21-e91e-4d4a-bb7a-6a4864e0a2a2,R&B Enchantment Vol. 1,Album,,
859d0860-d480-4efd-970c-c05d5f1776b8,Beyoncé,9a86d553-baef-41ab-9a2c-c6e6569142d9,Ring the Alarm (Spanglish mix),Single,,
859d0860-d480-4efd-970c-c05d5f1776b8,Beyoncé,642ab428-07d1-402b-87f8-f5c19ad1cc1d,Sand Castles 008 (Offer Nissim Special),Other,,
859d0860-d480-4efd-970c-c05d5f1776b8,Beyoncé,085edb97-5933-4981-9c00-5763f4fec3e6,TEXAS HOLD ’EM (PONY UP REMIX),Single,,
859d0860-d480-4efd-970c-c05d5f1776b8,Beyoncé,17a5313d-c509-4a66-a4cd-ef65b11f4b34,The Soundtracks Collection,Album,,
8dd98bdc-80ec-4e93-8509-2f46bafc09a7,Calvin Harris,6887ea4d-38ee-3935-b4ab-db880c996dd1,Acceptable in the 80s,Single,2007,2007.0
8dd98bdc-80ec-4e93-8509-2f46bafc09a7,Calvin Harris,2d931c05-8dd3-4c23-b790-d6662cd2f232,Colours,Single,2007,2007.0
8dd98bdc-80ec-4e93-8509-2f46bafc09a7,Calvin Harris,85ff43c6-3260-3f68-9bb4-2c360818be76,David Waxman Presents: Ultra Electro 2,Album,2007-08-21,2007.0
8dd98bdc-80ec-4e93-8509-2f46bafc09a7,Calvin Harris,becdd58a-2fbe-34d9-b1fb-f03455ed0c01,Ibiza Annual 2007,Album,2007-08-27,2007.0
8dd98bdc-80ec-4e93-8509-2f46bafc09a7,Calvin Harris,d08d260a-998e-37e4-9ae5-514828214708,Merrymaking at My Place,Single,2007-08-20,2007.0
8dd98bdc-80ec-4e93-8509-2f46bafc09a7,Calvin Harris,39ad67f7-da7f-3fdf-811c-6d7ea287743c,Mobile Disco - 'Midnight' - Disco Mafia,Album,2007-11-30,2007.0
8dd98bdc-80ec-4e93-8509-2f46bafc09a7,Calvin Harris,a57267cb-b47b-44fa-87f5-9b699c4d701c,NapsterLive Session EP,EP,2007-05-25,2007.0
8dd98bdc-80ec-4e93-8509-2f46bafc09a7,Calvin Harris,d438a484-b023-3b5d-b41a-a6a455ed5213,October 2007 Club List,Album,2007,2007.0
8dd98bdc-80ec-4e93-8509-2f46bafc09a7,Calvin Harris,9fdd6d96-52ae-467e-b88b-049ea6ecf77d,Onelove: Smash Your Stereo,Album,2007-07-28,2007.0
8dd98bdc-80ec-4e93-8509-2f46bafc09a7,Calvin Harris,9e95361a-4ac6-3d28-a593-69afc98c6702,Radio 1: Established 1967,Album,2007-10-01,2007.0
8dd98bdc-80ec-4e93-8509-2f46bafc09a7,Calvin Harris,bf7cbbc4-0383-46ab-ad22-bbe1c7b7211e,Summer Festival Guide - Presented by 3D World,Album,2007-09-23,2007.0
8dd98bdc-80ec-4e93-8509-2f46bafc09a7,Calvin Harris,6fe2c679-a518-3352-b679-ff0bf14b58c4,The Girls,Single,2007-06-04,2007.0
8dd98bdc-80ec-4e93-8509-2f46bafc09a7,Calvin Harris,3c7c3dbe-8fea-3420-97f2-3c7111018971,The Ride,Album,2007-07-30,2007.0
8dd98bdc-80ec-4e93-8509-2f46bafc09a7,Calvin Harris,eee96153-ef2a-4d13-9aaf-8e3bea574241,2008-10-18: BBC Radio 1 Essential Mix,Broadcast,2008-10-18,2008.0
8dd98bdc-80ec-4e93-8509-2f46bafc09a7,Calvin Harris,cb619ac1-84bc-32eb-a8b7-cb143edc432f,I Created Disco,Album,2008,2008.0
8dd98bdc-80ec-4e93-8509-2f46bafc09a7,Calvin Harris,f3f73ab9-cd59-334b-b3ba-b9a8b91a4fc7,Kitsuné Tabloid,Album,2008-06-23,2008.0
8dd98bdc-80ec-4e93-8509-2f46bafc09a7,Calvin Harris,d5002f4e-d443-3382-9654-8b4bb7ab1862,Loveparade: The Official Compilation 2008: Highway to Love,Album,2008,2008.0
8dd98bdc-80ec-4e93-8509-2f46bafc09a7,Calvin Harris,215c51c6-d8e3-3e72-ba4e-c4160036a208,"Ministry of Sound: Club Files, Volume 4",Album,2008-06-13,2008.0
8dd98bdc-80ec-4e93-8509-2f46bafc09a7,Calvin Harris,25225a67-feae-31b1-b013-301f8c8f6d64,The Very Best of Euphoric Dance Breakdown,Album,2008-02-18,2008.0
8dd98bdc-80ec-4e93-8509-2f46bafc09a7,Calvin Harris,f433864e-6ed3-3b0b-af8f-223a6fdf1df7,ThriveMix Presents Electro 2,Album,2008-03-04,2008.0
8dd98bdc-80ec-4e93-8509-2f46bafc09a7,Calvin Harris,c01710f5-dfaf-477e-bd1b-5fe1fa4062d0,Welcome to the Club,Album,2008,2008.0
8dd98bdc-80ec-4e93-8509-2f46bafc09a7,Calvin Harris,c194f596-dda0-37b7-81be-cf55c0859bb8,XFM: Debut Sessions,Album,2008-01-14,2008.0
8dd98bdc-80ec-4e93-8509-2f46bafc09a7,Calvin Harris,6a44c4f8-c49a-4e4b-8c1a-1cf18a656236,"Club Sounds: The Ultimate Club Dance Collection, Vol. 51",Album,2009-11-06,2009.0
8dd98bdc-80ec-4e93-8509-2f46bafc09a7,Calvin Harris,61cec379-6fe4-4593-b710-c1885bef2394,"Dance Chart, Volume 25",Album,2009-08-31,2009.0
8dd98bdc-80ec-4e93-8509-2f46bafc09a7,Calvin Harris,5baebcd0-64a2-4b93-ae7a-e2bc7cf28516,Dance Nation: Your Big Night Out,Album,2009-05-03,2009.0
8dd98bdc-80ec-4e93-8509-2f46bafc09a7,Calvin Harris,aa88dd22-bf00-4c8b-875a-b2ca25858365,David Waxman Presents: Ultra Electro 3,Album,2009-12-08,2009.0
8dd98bdc-80ec-4e93-8509-2f46bafc09a7,Calvin Harris,bea54a67-a163-4cef-b290-c70bdfd1ee10,Flashback,Single,2009-11-03,2009.0
8dd98bdc-80ec-4e93-8509-2f46bafc09a7,Calvin Harris,0dc20b4b-8dea-45bb-a34c-2e7f62624f7d,Godskitchen: Pure Trance Anthems,Album,2009-10-19,2009.0
8dd98bdc-80ec-4e93-8509-2f46bafc09a7,Calvin Harris,d7ad68f4-74ff-4821-9701-f3ec66d0f152,"House Anthems, Winter 2009/2010",Album,2009-11-12,2009.0
8dd98bdc-80ec-4e93-8509-2f46bafc09a7,Calvin Harris,ebc28ac9-0322-4a37-8fa2-65aa3a2bf2b6,I’m Not Alone,Single,2009,2009.0
8dd98bdc-80ec-4e93-8509-2f46bafc09a7,Calvin Harris,7de567cf-8a15-49bf-aff3-2a7f35d52fd9,Milano Marittima: Club & Beach - Estate 2009,Album,2009,2009.0
8dd98bdc-80ec-4e93-8509-2f46bafc09a7,Calvin Harris,b0e5672e-e30b-42a1-bff4-c608e826cbe0,Ministry of Sound: In the Club!,Album,2009-07-03,2009.0
8dd98bdc-80ec-4e93-8509-2f46bafc09a7,Calvin Harris,578e224b-196d-4227-93dd-5e2c0b8f4585,Ministry of Sound: Sessions Six,Album,2009-05-15,2009.0
8dd98bdc-80ec-4e93-8509-2f46bafc09a7,Calvin Harris,8219b3f4-ca30-45fa-84ff-71a6f76d02be,Musikexpress 1009,Album,2009-10,2009.0
8dd98bdc-80ec-4e93-8509-2f46bafc09a7,Calvin Harris,27250bea-74ea-4b13-9f62-2b7a6e605acc,Ready for the Weekend,Album,2009-04-12,2009.0
8dd98bdc-80ec-4e93-8509-2f46bafc09a7,Calvin Harris,9a807b9c-7e99-4e78-9d12-496bc61f0a15,Ready for the Weekend,Single,2009-08-09,2009.0
8dd98bdc-80ec-4e93-8509-2f46bafc09a7,Calvin Harris,46dbd04e-0979-3b67-95b0-595e31224bc7,Saturday Night Club Classics,Album,2009-02-01,2009.0
8dd98bdc-80ec-4e93-8509-2f46bafc09a7,Calvin Harris,9613381c-6cdc-45da-9f03-8b650b2db15e,Sensation: Wicked Wonderland,Album,2009-11-27,2009.0
8dd98bdc-80ec-4e93-8509-2f46bafc09a7,Calvin Harris,b3e92d85-fbd8-4fdd-bf80-644e19383d69,Shakedown 2,Album,2009-06-29,2009.0
8dd98bdc-80ec-4e93-8509-2f46bafc09a7,Calvin Harris,e3dbf962-a6fe-4da9-b48e-75fa764f22ea,So Fresh: The Hits of Summer 2010 + the Best of 2009,Album,2009-11-20,2009.0
8dd98bdc-80ec-4e93-8509-2f46bafc09a7,Calvin Harris,b1a758b9-1d64-47d4-9be4-90ffe1f43faa,The Chilled House Session,Album,2009-10-19,2009.0
8dd98bdc-80ec-4e93-8509-2f46bafc09a7,Calvin Harris,03d48c9a-e49d-4526-a347-d1a474eda701,The Classics – 10 Years Of Onelove Anthems,Album,2009,2009.0
8dd98bdc-80ec-4e93-8509-2f46bafc09a7,Calvin Harris,5d78136f-b74d-4437-8471-98bede1082fb,"The Dome, Vol. 51",Album,2009,2009.0
8dd98bdc-80ec-4e93-8509-2f46bafc09a7,Calvin Harris,55ef379f-81b7-43a1-bfd8-5484853019f6,"Clubland, Volume 5",Album,2010-02-05,2010.0
8dd98bdc-80ec-4e93-8509-2f46bafc09a7,Calvin Harris,794b3ecc-2d8a-4adb-96f9-ee20340ae486,F*** Me I’m Famous! Ibiza Mix 2010,Album,2010-06-04,2010.0
8dd98bdc-80ec-4e93-8509-2f46bafc09a7,Calvin Harris,eaeeb406-eb7b-4116-9ace-c36f33c57f8e,Grandmix 2009,Album,2010,2010.0
8dd98bdc-80ec-4e93-8509-2f46bafc09a7,Calvin Harris,81304153-b622-4d1b-a2df-3034b9c36839,"Kontor: Top of the Clubs, Volume 46",Album,2010-02-26,2010.0
8dd98bdc-80ec-4e93-8509-2f46bafc09a7,Calvin Harris,9cb7329d-3a08-42bb-81cf-c7ec3174f445,"Ministry of Sound: Club Files, Volume 9",Album,2010-02-26,2010.0
8dd98bdc-80ec-4e93-8509-2f46bafc09a7,Calvin Harris,32c13570-55bd-49b0-8eb0-7843add4141a,Ministry of Sound: Clubbers Guide 2010,Album,2010-03-19,2010.0
8dd98bdc-80ec-4e93-8509-2f46bafc09a7,Calvin Harris,d0b81928-ed0e-48cb-9818-4210aa7748d0,Running Trax 2,Album,2010-12-13,2010.0
8dd98bdc-80ec-4e93-8509-2f46bafc09a7,Calvin Harris,f18c9ca1-7d31-44c8-b993-2e406e47fbff,Scott Mills Presents Big Ones,Album,2010-08-23,2010.0
8dd98bdc-80ec-4e93-8509-2f46bafc09a7,Calvin Harris,e1d0b91c-4150-4bbe-9828-f93d83362d60,Superclub: Cream / Gatecrasher / Pacha,Album,2010-11-19,2010.0
8dd98bdc-80ec-4e93-8509-2f46bafc09a7,Calvin Harris,83070fd4-8039-44d8-8144-d98b6020b150,The Annual: 15 Years,Album,2010-08-09,2010.0
8dd98bdc-80ec-4e93-8509-2f46bafc09a7,Calvin Harris,d3506413-2425-432b-a48d-fc30b06b5084,The Rush 2010,Album,2010,2010.0
8dd98bdc-80ec-4e93-8509-2f46bafc09a7,Calvin Harris,4ac2ed9d-8670-4c9e-a5ed-79658a9609fb,Trance Anthems 2010,Album,2010-04-14,2010.0
8dd98bdc-80ec-4e93-8509-2f46bafc09a7,Calvin Harris,6dddfe7f-ac81-43a4-8b38-145ef5aa4504,Ultra.2011,Album,2010-11-09,2010.0
8dd98bdc-80ec-4e93-8509-2f46bafc09a7,Calvin Harris,7216efe3-2eba-40d3-a719-8016c2827aa1,You Used to Hold Me,Single,2010-02,2010.0
8dd98bdc-80ec-4e93-8509-2f46bafc09a7,Calvin Harris,d9df0373-1e48-48a6-9b37-40687832c13d,m-flo inside -WORKS BEST IV-,Album,2010-09-08,2010.0
8dd98bdc-80ec-4e93-8509-2f46bafc09a7,Calvin Harris,f9619476-e2dd-49f0-b80d-57595d6bcfc0,2011-09-10: BBC Radio 1 Essential Mix,Broadcast,2011-09-10,2011.0
8dd98bdc-80ec-4e93-8509-2f46bafc09a7,Calvin Harris,82fb3e2b-0e24-4a0b-8c71-fd36bd3a80e9,Bounce,Single,2011,2011.0
8dd98bdc-80ec-4e93-8509-2f46bafc09a7,Calvin Harris,7ed97cad-db90-460f-b2d2-4ea636d9402c,"Club Sounds: The Ultimate Club Dance Collection, Vol. 59",Album,2011-11-04,2011.0
8dd98bdc-80ec-4e93-8509-2f46bafc09a7,Calvin Harris,17f5faf3-87f2-4c40-a125-7749596c2900,Creamfields 2011,Album,2011,2011.0
8dd98bdc-80ec-4e93-8509-2f46bafc09a7,Calvin Harris,050b99c7-ee1d-446b-8e92-be3234a0a4b0,Example + DJ Wire Present The Playlist,Album,2011-06-12,2011.0
8dd98bdc-80ec-4e93-8509-2f46bafc09a7,Calvin Harris,2b97096a-1355-4ecc-8159-5a4c07a59f4d,Feel So Close,Single,2011,2011.0
8dd98bdc-80ec-4e93-8509-2f46bafc09a7,Calvin Harris,519593eb-6d2a-4134-a8b5-0d02a56bf237,Floorfillers Party Anthems 2011,Album,2011-10-21,2011.0
8dd98bdc-80ec-4e93-8509-2f46bafc09a7,Calvin Harris,8322c41f-9661-4fe3-9887-d0842f45f029,Hed Kandi: Classics II,Album,2011-11-14,2011.0
8dd98bdc-80ec-4e93-8509-2f46bafc09a7,Calvin Harris,b902bf9d-117b-48ec-82da-e7338e208d58,Hed Kandi: Ibiza 2011,Album,2011-08-08,2011.0
8dd98bdc-80ec-4e93-8509-2f46bafc09a7,Calvin Harris,132b5cd1-619d-4a1c-9b2e-aa6d56ab23c0,Hit Mania Estate 2011,Album,2011,2011.0
8dd98bdc-80ec-4e93-8509-2f46bafc09a7,Calvin Harris,2219a29a-56e0-4256-a3b6-3a78ebf57d57,Superclub Ibiza,Album,2011-08-01,2011.0
8dd98bdc-80ec-4e93-8509-2f46bafc09a7,Calvin Harris,4f8428f3-bcda-4790-af3d-0ef067301d0c,The Move,Album,2011-12-30,2011.0
8dd98bdc-80ec-4e93-8509-2f46bafc09a7,Calvin Harris,917dc165-3da6-4fe5-a2d3-fd29bd76908f,The Remixes,Album,2011-10-28,2011.0
8dd98bdc-80ec-4e93-8509-2f46bafc09a7,Calvin Harris,98432828-5764-4892-9e3f-9c674cf70acb,18 Months,Album,2012-10-29,2012.0
8dd98bdc-80ec-4e93-8509-2f46bafc09a7,Calvin Harris,37a2c97c-d1fe-493c-ab6c-112e0aecc79e,Addicted to Bass 2012,Album,2012-02-06,2012.0
8dd98bdc-80ec-4e93-8509-2f46bafc09a7,Calvin Harris,ab374c6c-6d70-48d8-b2a4-1393f0aab036,Anthems Sound Of Dubstep,Album,2012-11-12,2012.0
8dd98bdc-80ec-4e93-8509-2f46bafc09a7,Calvin Harris,cedf03f2-bebc-4f20-b61d-fceac3878787,Cream Club Anthems 2012,Album,2012-02-26,2012.0
8dd98bdc-80ec-4e93-8509-2f46bafc09a7,Calvin Harris,2923c00c-0971-4ab3-a312-8ba5949d255b,Essential Mix,Album,2012-03-24,2012.0
8dd98bdc-80ec-4e93-8509-2f46bafc09a7,Calvin Harris,8ac9c680-8aea-4363-87ef-c3542401b15e,Grandmix 2012,Album,2012-12-28,2012.0
8dd98bdc-80ec-4e93-8509-2f46bafc09a7,Calvin Harris,f046c562-7412-4648-9ffe-268f1d96e826,Hed Kandi: Ibiza 10 Years,Album,2012-07-02,2012.0
8dd98bdc-80ec-4e93-8509-2f46bafc09a7,Calvin Harris,e6e5ecad-ffc6-4715-b997-3d6148891796,Love2Club 2012,Album,2012,2012.0
8dd98bdc-80ec-4e93-8509-2f46bafc09a7,Calvin Harris,029e1c62-bb3b-43bf-94b6-55ce4e98f5c7,Ministry of Sound: Addicted to Bass,Album,2012-05-18,2012.0
8dd98bdc-80ec-4e93-8509-2f46bafc09a7,Calvin Harris,d6930d64-db77-4ffa-b984-bc85e2dbcc7d,Pumped Up! The Summer Running Mix,Album,2012-08-27,2012.0
8dd98bdc-80ec-4e93-8509-2f46bafc09a7,Calvin Harris,88ba354d-2740-48bd-b42c-1eab44ca8dee,So Fresh Dance,Album,2012-08-10,2012.0
8dd98bdc-80ec-4e93-8509-2f46bafc09a7,Calvin Harris,7904c8cf-72e4-4fe2-8f1c-301470061eaa,The Sound of Dubstep 4,Album,2012-03-12,2012.0
8dd98bdc-80ec-4e93-8509-2f46bafc09a7,Calvin Harris,9b1089e9-0b31-4db0-be09-8679872d2ebf,The Video Year Mix 2012,,2012-12-28,2012.0
8dd98bdc-80ec-4e93-8509-2f46bafc09a7,Calvin Harris,e1205656-5b8d-483b-bc37-3a00dd6dfc08,Tomorrowland 2012 Volume 1,Album,2012-03-23,2012.0
8dd98bdc-80ec-4e93-8509-2f46bafc09a7,Calvin Harris,0422013b-8e48-45d5-b159-06c9ec7be52c,Ultra 2013,Album,2012-12-18,2012.0
8dd98bdc-80ec-4e93-8509-2f46bafc09a7,Calvin Harris,d70eb074-75bf-42ae-b832-a3e559c7c5c0,Ultra Dance 13,Album,2012-02-07,2012.0
8dd98bdc-80ec-4e93-8509-2f46bafc09a7,Calvin Harris,b593162e-8897-425a-a511-4d6788250247,Chilled House: Classics,Album,2013-08-12,2013.0
8dd98bdc-80ec-4e93-8509-2f46bafc09a7,Calvin Harris,d4a66131-c97d-4aa5-b70a-ee9e8da009fa,Decade: 2000–2009,Album,2013-11-25,2013.0
8dd98bdc-80ec-4e93-8509-2f46bafc09a7,Calvin Harris,4279d26e-0c2c-4ea1-b4f1-6665913133e1,The Sound of Dubstep Classics,Album,2013-08-26,2013.0
8dd98bdc-80ec-4e93-8509-2f46bafc09a7,Calvin Harris,65b63e8a-11f8-4ed7-bc2a-5880431612c8,Ultra / Wynn presents Encore Beach Club Las Vegas Sessions Vol. 1 (Mixed by Sidney Samson),Album,2013-07-23,2013.0
8dd98bdc-80ec-4e93-8509-2f46bafc09a7,Calvin Harris,36765fdc-adb6-4dae-8dc6-8066465e50bb,Ultra Summer,Album,2013-07-23,2013.0
8dd98bdc-80ec-4e93-8509-2f46bafc09a7,Calvin Harris,951fc2fc-fd59-4f35-9cd9-5a940c3ddd63,BBC Music Awards,Album,2014-12-01,2014.0
8dd98bdc-80ec-4e93-8509-2f46bafc09a7,Calvin Harris,0719c82d-f828-412d-9842-664e5f697ccd,Blame,Single,2014-09-07,2014.0
8dd98bdc-80ec-4e93-8509-2f46bafc09a7,Calvin Harris,36b89fc2-ca36-43ad-8f0d-a03565bb23ae,C.U.B.A,Single,2014-07-21,2014.0
8dd98bdc-80ec-4e93-8509-2f46bafc09a7,Calvin Harris,9e41813a-f4b5-4a78-9ed6-10803273ef06,Clubbing 2015,Album,2014-11-11,2014.0
8dd98bdc-80ec-4e93-8509-2f46bafc09a7,Calvin Harris,17036007-5af2-4083-bba5-7440acbb5add,Euphoria: Deep House,Album,2014-02-24,2014.0
8dd98bdc-80ec-4e93-8509-2f46bafc09a7,Calvin Harris,ad0c5b57-148a-41e3-87f2-edfad5f796b4,"Hitexplosion 2015, Volume 1",,2014-12-24,2014.0
8dd98bdc-80ec-4e93-8509-2f46bafc09a7,Calvin Harris,2280f241-be5a-482b-bff2-9c21b0d20581,Kontor: Festival Sounds: The Closing,Album,2014-08-15,2014.0
8dd98bdc-80ec-4e93-8509-2f46bafc09a7,Calvin Harris,7893ecc0-13ff-4298-811d-6132fd6cd098,Made in Scotland,Album,2014-09-01,2014.0
8dd98bdc-80ec-4e93-8509-2f46bafc09a7,Calvin Harris,730796a0-c549-4b57-ab06-268b4b835cf6,Marbella Sessions 2014,Album,2014-06-02,2014.0
8dd98bdc-80ec-4e93-8509-2f46bafc09a7,Calvin Harris,1dce0371-e357-4790-b0de-36aba3f0328f,"Mastermix: DJ Beats Chart, Volume 8",Album,2014,2014.0
8dd98bdc-80ec-4e93-8509-2f46bafc09a7,Calvin Harris,8b2d4efb-3f3f-4d6e-83f0-dc9d8ad8d8bb,Motion,Album,2014-10-31,2014.0
8dd98bdc-80ec-4e93-8509-2f46bafc09a7,Calvin Harris,fa16774f-9980-4709-8230-0978b5d4ce40,Pure… Dance Party,Album,2014-09-26,2014.0
8dd98bdc-80ec-4e93-8509-2f46bafc09a7,Calvin Harris,a6ecae94-5f48-453c-b163-69ed326c265f,Running Trax: Summer 2015,Album,2014-12-05,2014.0
d4caad3c-c5c4-44a4-b90c-900650965ba8,Calvin Harris,a4009d59-2b30-4a95-b583-d7689881bfd9,South Side Story Vol. 23,Album,2014-04-19,2014.0
8dd98bdc-80ec-4e93-8509-2f46bafc09a7,Calvin Harris,3bb485b5-6419-490f-affe-d16574f82c29,The Only Way Is Essex: Dance Anthems,Album,2014,2014.0
8dd98bdc-80ec-4e93-8509-2f46bafc09a7,Calvin Harris,a0912b3a-bf4e-488f-861d-35888a604cca,Tomorrowland Music Will Unite Us Forever: 10 Years of Madness,Album,2014,2014.0
8dd98bdc-80ec-4e93-8509-2f46bafc09a7,Calvin Harris,ba101a83-7258-45d0-9961-faca7d1e554b,Ibiza Weekender,Album,2015-07,2015.0
8dd98bdc-80ec-4e93-8509-2f46bafc09a7,Calvin Harris,86f0d6ff-b4c6-4d00-8eab-11be5bf1f524,Inspired,Album,2015-09-04,2015.0
8dd98bdc-80ec-4e93-8509-2f46bafc09a7,Calvin Harris,dfbe0b73-3186-4326-a847-e7069c5fe2ea,Nature One: Best of 20 Years,Album,2015,2015.0
8dd98bdc-80ec-4e93-8509-2f46bafc09a7,Calvin Harris,292d6bf4-a0af-44e6-bb39-6cf6aaab0b88,Running Trax 2015,Album,2015-01-05,2015.0
8dd98bdc-80ec-4e93-8509-2f46bafc09a7,Calvin Harris,f0ae1557-3ec2-4345-ab03-3cd8b300a999,Back to Bass,Album,2016-03-18,2016.0
8dd98bdc-80ec-4e93-8509-2f46bafc09a7,Calvin Harris,e1608018-61be-4785-a943-a0fea29824e5,My Way,Single,2016-09-19,2016.0
8dd98bdc-80ec-4e93-8509-2f46bafc09a7,Calvin Harris,98bc5dd9-fc36-4bb3-8663-f4265c3651de,Top 40 Summer: The Ultimate Top 40 Collection,Album,2016-07-05,2016.0
8dd98bdc-80ec-4e93-8509-2f46bafc09a7,Calvin Harris,2c031ace-26b1-4740-badc-6e28362cbb31,Groove Station 2017,Album,2017-02-13,2017.0
8dd98bdc-80ec-4e93-8509-2f46bafc09a7,Calvin Harris,9472a8c8-d77b-45c4-8292-e5d9c9822e94,Winter Anthems 2017,Album,2017-05-26,2017.0
8dd98bdc-80ec-4e93-8509-2f46bafc09a7,Calvin Harris,62f565c4-64a5-42fc-91b9-846eac228c28,Grandmix Special Edition,Album,2018-10-01,2018.0
8dd98bdc-80ec-4e93-8509-2f46bafc09a7,Calvin Harris,96e34d69-768b-4f48-9b8d-b91f668a92f7,I Love 00s,Album,2019-07-19,2019.0
8dd98bdc-80ec-4e93-8509-2f46bafc09a7,Calvin Harris,015a8b92-92d5-4506-85c0-b9f81c5ea719,I'm Not Alone 2019,Single,2019-04-05,2019.0
8dd98bdc-80ec-4e93-8509-2f46bafc09a7,Calvin Harris,c6817d00-9293-4f6d-be2f-4cabd4396504,The Annual 2020,Album,2019-11-01,2019.0
8dd98bdc-80ec-4e93-8509-2f46bafc09a7,Calvin Harris,b6c60d8b-5802-4d22-b898-4126e13a0cfa,The Annual XXV,Album,2019-11-29,2019.0
8dd98bdc-80ec-4e93-8509-2f46bafc09a7,Calvin Harris,5eeffd77-76de-4420-b67f-48a63ac2eb41,The Best Dance Album in the World… Ever!,Album,2019-09-13,2019.0
8dd98bdc-80ec-4e93-8509-2f46bafc09a7,Calvin Harris,674a57dd-f0a9-43a0-9e87-b8d128c5b926,Throwback: Trance,Album,2019-10-11,2019.0
8dd98bdc-80ec-4e93-8509-2f46bafc09a7,Calvin Harris,d6c61636-7179-45a5-8597-df53e9f33ff2,A/V Set @ Gravity 2021,,2021-11-01,2021.0
8dd98bdc-80ec-4e93-8509-2f46bafc09a7,Calvin Harris,d8d27e99-1e8b-4019-afb1-f098d8e3fad5,Die Ultimative Chartshow: Die erfolgreichsten Sommer Party-Hits,Album,2021,2021.0
8dd98bdc-80ec-4e93-8509-2f46bafc09a7,Calvin Harris,f7e3fac4-f599-4257-b9e3-b51b316c74bb,"Funk Wav Bounces, Vol. 2",Album,2022-08-05,2022.0
8dd98bdc-80ec-4e93-8509-2f46bafc09a7,Calvin Harris,acd87f9a-5480-40d9-b28f-ff894f08e5c6,Lost KORG DS-10+ Covers,EP,2022-04-26,2022.0
8dd98bdc-80ec-4e93-8509-2f46bafc09a7,Calvin Harris,d8b8372e-0366-49fa-96cc-7fed8bb82bf2,The Annual 2023,Album,2025-01-09,2025.0
8dd98bdc-80ec-4e93-8509-2f46bafc09a7,Calvin Harris,ddf577e2-bf29-4568-bccf-d7d84ffe6eca,Bass in Yer Face,Album,,
8dd98bdc-80ec-4e93-8509-2f46bafc09a7,Calvin Harris,f8a076d2-4304-4ed5-8b98-556f2fc0eefb,"Club Rotation, Volume 43",Album,,
8dd98bdc-80ec-4e93-8509-2f46bafc09a7,Calvin Harris,dedf3fdc-2f42-4822-898a-522dfe992cd2,Ibiza: The Album (Ibiza’s Definitive Anthems),Album,,
8dd98bdc-80ec-4e93-8509-2f46bafc09a7,Calvin Harris,e9e308bf-8ec8-49d1-b57b-b6f79e04f3ed,Meshstep,Album,,
8dd98bdc-80ec-4e93-8509-2f46bafc09a7,Calvin Harris,29f9767b-0eec-45ad-be93-fc501acbe16e,Papeete Beach Compilation Volume 21,Album,,
8dd98bdc-80ec-4e93-8509-2f46bafc09a7,Calvin Harris,e9b7d5f5-e73f-4b45-a7da-98270496598d,"Promo Only: Club Video, January 2017",Album,,
8dd98bdc-80ec-4e93-8509-2f46bafc09a7,Calvin Harris,dbeb190d-a4e6-481e-9f43-9fc7344b6982,Summertime Sounds 2025,Broadcast,,
8dd98bdc-80ec-4e93-8509-2f46bafc09a7,Calvin Harris,c40d814e-b6e8-44fc-b9da-c45aeaef0b32,Triple J: Hottest 100 of 2009,Broadcast,,
8dd98bdc-80ec-4e93-8509-2f46bafc09a7,Calvin Harris,4648fdf3-0a5c-4594-a060-0d02b80900f3,Ultra Mix 3,Album,,
8dd98bdc-80ec-4e93-8509-2f46bafc09a7,Calvin Harris,63cb66f1-452d-43dd-8120-faae759ac4c3,Ultra.Dubstep,Album,,
2f3c4d70-0462-40da-bba3-0aec5772c556,Cardi B,f89e7f08-f8f9-4163-b792-5e0de88a97b9,DMC DJ Promo 234: Pre-Release and Future Chart Hits,Album,2018-08,2018.0
04b09ab5-eaff-4aa6-a0fe-5d319407c42e,Dana D Nova,21141e95-bafd-4b18-b70b-97a9d5b9192d,Culpables (Bachata Version),Single,,
fc00f55a-e5ba-4d97-979d-36b65a8b9d21,Daniel y Desirée,dedc6962-4ab1-413e-84bf-95a390b2d3d6,Perfecta (Bachata Version),Single,2022-08-19,2022.0
4d8e4e6e-72db-4439-b6c4-e652f84fbe72,DerekVinci,dedc6962-4ab1-413e-84bf-95a390b2d3d6,Perfecta (Bachata Version),Single,2022-08-19,2022.0
c6bfb05d-f570-46c8-98e1-e25441189770,Dj Khalid,f89e7f08-f8f9-4163-b792-5e0de88a97b9,DMC DJ Promo 234: Pre-Release and Future Chart Hits,Album,2018-08,2018.0
c6bfb05d-f570-46c8-98e1-e25441189770,Dj Khalid,b7387700-1ff7-486b-b354-04123d759f5a,Para Que No Me Duela Tanto,Single,2019-09-12,2019.0
c6bfb05d-f570-46c8-98e1-e25441189770,Dj Khalid,7dae3524-b497-4edf-8596-ae19c23d7dad,Soy yo,Album,2019-10-17,2019.0
c6bfb05d-f570-46c8-98e1-e25441189770,Dj Khalid,dedc6962-4ab1-413e-84bf-95a390b2d3d6,Perfecta (Bachata Version),Single,2022-08-19,2022.0
c6bfb05d-f570-46c8-98e1-e25441189770,Dj Khalid,c7be3114-2f99-4867-b964-93972f55d30a,3 Daqat Bachata,Single,,
c6bfb05d-f570-46c8-98e1-e25441189770,Dj Khalid,9cd36043-ffae-49e6-8913-d4ffe018a30e,Amigos Con Derechos,Single,,
c6bfb05d-f570-46c8-98e1-e25441189770,Dj Khalid,3e7d0539-62ef-4dcf-b3a6-0ec9e8642bb9,Bailar Pegados (Bachata Version),Single,,
c6bfb05d-f570-46c8-98e1-e25441189770,Dj Khalid,21141e95-bafd-4b18-b70b-97a9d5b9192d,Culpables (Bachata Version),Single,,
c6bfb05d-f570-46c8-98e1-e25441189770,Dj Khalid,bfaf62be-069d-4d5f-9801-74e8e3670251,Hookah & Sheridan's (Bachata Version),Single,,
c6bfb05d-f570-46c8-98e1-e25441189770,Dj Khalid,e9387443-2b79-44e9-986e-1c76874e4746,It's You (Bachata Version),Single,,
c6bfb05d-f570-46c8-98e1-e25441189770,Dj Khalid,f6e74b5f-f5f8-4426-9d26-7ddac1ddb7d9,Lips on You (Version Bachata),Single,,
c6bfb05d-f570-46c8-98e1-e25441189770,Dj Khalid,166549ef-1602-4fed-9d9f-53b0620e9791,No Guidance (Bachata Version),Single,,
c6bfb05d-f570-46c8-98e1-e25441189770,Dj Khalid,02172ac7-83ba-447a-8710-81decafe62bb,Sabrás (Bachata Version),Single,,
c6bfb05d-f570-46c8-98e1-e25441189770,Dj Khalid,b5f46e37-46e6-4478-9d44-dd9c3631e289,Somebody (Bachata),Single,,
6fec57ca-05b6-49e8-bb7c-a69d886a22ba,Drake,5783b0e7-9f42-458a-8da7-32a25125e2c3,I'm Back,Album,2005,2005.0
7cf5af7a-afa0-4dca-9473-a13508c64e9d,Drake,19fe9401-cb75-44e1-acdd-1ca188b373aa,The Drake LP,Album,2005-06-09,2005.0
9fff2f8a-21e6-47de-a2b8-7f449929d43f,Drake,b6ad170e-9c99-437c-b044-55277d5398c6,Comeback Season,Album,2007,2007.0
9fff2f8a-21e6-47de-a2b8-7f449929d43f,Drake,55362bb1-468e-3da8-8ae9-b3d30fff670d,Heartbreak Drake,Album,2008-06-12,2008.0
9fff2f8a-21e6-47de-a2b8-7f449929d43f,Drake,9afa89de-1ba9-4246-8137-85803307078b,Born Successful,Album,2009-09,2009.0
9fff2f8a-21e6-47de-a2b8-7f449929d43f,Drake,202ec5d7-f69f-4162-80b1-0e57af1c26d8,Like Me: The Young Goldie EP,EP,2009-12-09,2009.0
9fff2f8a-21e6-47de-a2b8-7f449929d43f,Drake,29ab0cbf-ee1d-3832-b930-daddcabd8351,So Far Gone,Album,2009-02-14,2009.0
9fff2f8a-21e6-47de-a2b8-7f449929d43f,Drake,10d6e2f3-16d0-48cf-9936-75e292c5e060,Hits July 10,Album,2010-07-01,2010.0
9fff2f8a-21e6-47de-a2b8-7f449929d43f,Drake,186db56c-f506-498d-951e-a20b99528d7e,Made in October,Album,2010-10,2010.0
9fff2f8a-21e6-47de-a2b8-7f449929d43f,Drake,13603534-2596-44fd-804f-68f6689f9fe3,No More Thank Yous,Album,2010,2010.0
9fff2f8a-21e6-47de-a2b8-7f449929d43f,Drake,eb9f6f28-8486-4b0a-87fe-10547faf6044,"Power, Part 5",Album,2010,2010.0
9fff2f8a-21e6-47de-a2b8-7f449929d43f,Drake,0b7e6fdc-71e1-4e6e-a97e-61d833591b87,R&B Superstars,Album,2010-08-23,2010.0
9fff2f8a-21e6-47de-a2b8-7f449929d43f,Drake,dc470895-e5b2-4fc7-bd42-a56b9e882973,Recovery vs. Thank Me Later Instrumentals,Album,2010-08-08,2010.0
9fff2f8a-21e6-47de-a2b8-7f449929d43f,Drake,7c0efd43-6023-400d-8d5c-d808b1cb4094,Thank Me Later,Album,2010,2010.0
9fff2f8a-21e6-47de-a2b8-7f449929d43f,Drake,3cc7e78e-b6af-42fa-9c79-17279d6c2991,Young & Successful,Album,2010,2010.0
9fff2f8a-21e6-47de-a2b8-7f449929d43f,Drake,c8e22909-4923-4aab-82db-ec57836be016,2011 Juno Awards,Album,2011,2011.0
9fff2f8a-21e6-47de-a2b8-7f449929d43f,Drake,0ff07366-d89e-42c4-9b29-9b8136570013,"Club Heat, Volume 4 (Party mix)",Album,2011,2011.0
9fff2f8a-21e6-47de-a2b8-7f449929d43f,Drake,eabc69b4-1cd5-4243-9283-7d780722ee2a,I’m on One,Album,2011,2011.0
9fff2f8a-21e6-47de-a2b8-7f449929d43f,Drake,47809021-4515-4215-beea-db3f5dfb6267,Take Care,Album,2011-11-15,2011.0
9fff2f8a-21e6-47de-a2b8-7f449929d43f,Drake,e151f910-a8ad-4e48-b2d0-b83d1cb671e0,Anthems Hip-Hop II,Album,2012-07-27,2012.0
9fff2f8a-21e6-47de-a2b8-7f449929d43f,Drake,759087e1-555b-4d9f-8a3d-d4979763af95,"35 Top Hits: Workout Mixes, Volume 6",Album,2013-10-05,2013.0
9fff2f8a-21e6-47de-a2b8-7f449929d43f,Drake,29871464-4608-453c-be41-55d945d1a206,5 AM in Toronto,EP,2013-04-13,2013.0
9fff2f8a-21e6-47de-a2b8-7f449929d43f,Drake,d1212578-e8c5-4087-bd24-713f0f6ae4d9,"Promo Only: Mainstream Radio, May 2013",Album,2013-05,2013.0
9fff2f8a-21e6-47de-a2b8-7f449929d43f,Drake,f10784da-2ba7-48f2-b16b-0235c5c5e076,Reinterpretations,Album,2013-07-16,2013.0
9fff2f8a-21e6-47de-a2b8-7f449929d43f,Drake,8ff752c3-19a7-4cac-b1fe-c3b40bea8656,6 God,Single,2014-10-25,2014.0
9fff2f8a-21e6-47de-a2b8-7f449929d43f,Drake,5be10a84-995e-46b8-94ea-457c95d60f34,"Bravo Black Hits, Vol. 30",Album,2014-04-02,2014.0
9fff2f8a-21e6-47de-a2b8-7f449929d43f,Drake,aad2617a-0d8d-4ab0-bd1b-67a6fbba3eca,Days in the East,Single,2014-04-03,2014.0
9fff2f8a-21e6-47de-a2b8-7f449929d43f,Drake,3960061d-9c2c-493f-a8c8-3ab8caf92332,Trophies,Album,2014,2014.0
9fff2f8a-21e6-47de-a2b8-7f449929d43f,Drake,5ea5c46a-8d30-48a0-a73a-cd1620b611bc,Drake vs. Meek Mill: Face Off,Album,2015-09-04,2015.0
9fff2f8a-21e6-47de-a2b8-7f449929d43f,Drake,8ab0c6fa-fc07-4410-85a6-75c7b0dabadd,From the Bottom to the Top,Album,2015-01-26,2015.0
9fff2f8a-21e6-47de-a2b8-7f449929d43f,Drake,1543f367-a65f-4c05-adfc-45470bf407f7,Hot This Week 15,Album,2015-07-18,2015.0
9fff2f8a-21e6-47de-a2b8-7f449929d43f,Drake,93e7b393-7b75-4a42-9626-01b499fd9523,Hotline Bling,Single,2015-07-31,2015.0
9fff2f8a-21e6-47de-a2b8-7f449929d43f,Drake,68d79778-aceb-486c-88a7-0abb3665344b,If You’re Reading This It’s Too Late,Album,2015-04-21,2015.0
9fff2f8a-21e6-47de-a2b8-7f449929d43f,Drake,ab748cba-f61d-44f3-9b0a-d1bfd216376a,Remix Anthology,Album,2015-05-31,2015.0
9fff2f8a-21e6-47de-a2b8-7f449929d43f,Drake,d024192f-ccd3-4ede-b5a6-8895a1f30ae1,Right Hand,Single,2015-07-30,2015.0
9fff2f8a-21e6-47de-a2b8-7f449929d43f,Drake,36cf1c6f-c8ec-47cd-b0e9-51786435afe5,The Best of 2015,Album,2015-12-31,2015.0
9fff2f8a-21e6-47de-a2b8-7f449929d43f,Drake,b3ff880e-1f2e-4b54-b3da-e732ddae7d87,The Graduate,Album,2015,2015.0
9fff2f8a-21e6-47de-a2b8-7f449929d43f,Drake,61221f03-d884-4d27-a0e7-1c2be5c2717b,Fake Love,Single,2016-11-04,2016.0
9fff2f8a-21e6-47de-a2b8-7f449929d43f,Drake,dabdfc5a-12c2-45a9-93fb-928624cc0748,"Promo Only: Mainstream Radio, February 2016",Album,2016-01-13,2016.0
9fff2f8a-21e6-47de-a2b8-7f449929d43f,Drake,0e29c882-525b-4184-b036-e5021fabf915,Remixes & Singles,Single,2016-03-09,2016.0
9fff2f8a-21e6-47de-a2b8-7f449929d43f,Drake,e3f31e23-85f4-4205-bc1d-8602b99f1376,Summer Sixteen,Single,2016-01-30,2016.0
6fec57ca-05b6-49e8-bb7c-a69d886a22ba,Drake,370a291a-7d62-46ff-958d-2eac6c00d282,Unearthed Remixes I,Album,2016-02-10,2016.0
9fff2f8a-21e6-47de-a2b8-7f449929d43f,Drake,4aaaa715-df17-43b8-987e-04b54ec4a697,Views,Album,2016-05-16,2016.0
9fff2f8a-21e6-47de-a2b8-7f449929d43f,Drake,d039390b-2452-4a5c-9b2b-32e5e80f15e0,More Life,Album,2017-03-18,2017.0
9fff2f8a-21e6-47de-a2b8-7f449929d43f,Drake,32720ec6-2d5a-41af-a8c4-d7c8d72bb79c,Passionfruit,Single,2017-03-28,2017.0
9fff2f8a-21e6-47de-a2b8-7f449929d43f,Drake,dc8fab08-2294-412f-baf9-8680205f8991,Pistols,Single,2017-12-25,2017.0
9fff2f8a-21e6-47de-a2b8-7f449929d43f,Drake,0e7acd78-53df-4635-9bee-b77f91a6f07d,"Remixes, Edits, and Bootlegs 2010-2017",Album,2017-09-03,2017.0
9fff2f8a-21e6-47de-a2b8-7f449929d43f,Drake,b7de94cb-43dd-4fe1-bf85-d5a2a166cc4e,Signs,Single,2017-06-23,2017.0
9fff2f8a-21e6-47de-a2b8-7f449929d43f,Drake,459c5b69-c50e-4f79-a183-49c00dc0387d,Duppy Freestyle,Single,2018-05-24,2018.0
9fff2f8a-21e6-47de-a2b8-7f449929d43f,Drake,e1e17305-b2d5-4802-ba43-529447c46f75,Nice for What,Single,2018-04-06,2018.0
9fff2f8a-21e6-47de-a2b8-7f449929d43f,Drake,4d87583a-1010-4f4a-a6d6-3bc0ed207f12,Scary Hours,Single,2018-01-19,2018.0
9fff2f8a-21e6-47de-a2b8-7f449929d43f,Drake,857db798-5c31-4d5f-991a-6667f41d8899,Scorpion,Album,2018-06-29,2018.0
9fff2f8a-21e6-47de-a2b8-7f449929d43f,Drake,c605675f-3373-475c-920c-1b78a331dceb,Care Package,Album,2019-08-02,2019.0
9fff2f8a-21e6-47de-a2b8-7f449929d43f,Drake,d5e449a2-4fd7-4634-9cc9-35c2a8066a90,Club Paradise,Single,2019-08-02,2019.0
9fff2f8a-21e6-47de-a2b8-7f449929d43f,Drake,fa068606-3e4a-4e77-8890-d4259cb9ff83,The Best in the World Pack,Single,2019-06-15,2019.0
9fff2f8a-21e6-47de-a2b8-7f449929d43f,Drake,bb944494-b3e7-4be2-952e-171a1743868e,Dark Lane Demo Tapes,Album,2020-05-01,2020.0
9fff2f8a-21e6-47de-a2b8-7f449929d43f,Drake,88ec4a70-41b6-4405-84cc-5ae3362f9954,NO.SLEEP Mix.12,Album,2020-03-25,2020.0
9fff2f8a-21e6-47de-a2b8-7f449929d43f,Drake,5c2e6a17-dc0b-42bc-8fcb-a60770505e37,Certified Lover Boy,Album,2021-09-03,2021.0
9fff2f8a-21e6-47de-a2b8-7f449929d43f,Drake,b63d31fa-3d82-4442-a666-fd10afc641fb,Scary Hours 2,EP,2021-03-05,2021.0
9fff2f8a-21e6-47de-a2b8-7f449929d43f,Drake,02d431f8-41a3-4b5e-a744-20da0be00364,AboutThirteen 01,,2022-07-25,2022.0
9fff2f8a-21e6-47de-a2b8-7f449929d43f,Drake,81463cd8-2608-41d7-9112-acf9981dd054,Her Loss,Album,2023-03-17,2023.0
9fff2f8a-21e6-47de-a2b8-7f449929d43f,Drake,82add436-cd36-4958-ac74-c88579f3b50f,SOD,Single,2024-08-23,2024.0
9fff2f8a-21e6-47de-a2b8-7f449929d43f,Drake,4906f293-e7a2-4f95-a759-6df70611f20e,100 GIGS,EP,,
9fff2f8a-21e6-47de-a2b8-7f449929d43f,Drake,0db72d8c-5637-4380-b5c6-bd4626ec3f38,"All-Madden: This Aint That Radio Shit, Volume 2",Album,,
9fff2f8a-21e6-47de-a2b8-7f449929d43f,Drake,1d6699ac-24f7-4fa6-881c-5b79a130cd7d,Blazin R&B 25,Album,,
131f2976-f781-48df-9aab-71531b4fa0b4,Drake,440a79b7-83f0-4760-80da-f4e4d6b59a78,Con Fe En Existir,EP,,
131f2976-f781-48df-9aab-71531b4fa0b4,Drake,43f4d5d7-7f58-4dd2-88ea-a7391adfe012,En Silencio Se Forja el Metal,Album,,
131f2976-f781-48df-9aab-71531b4fa0b4,Drake,6b5febc6-c8b6-4fa7-bea7-a1376bb51226,Entre el inconsciente y lo real,Album,,
9fff2f8a-21e6-47de-a2b8-7f449929d43f,Drake,3eb87a41-e4e1-4db9-b307-7a5129bf6d46,Fancy,Single,,
9fff2f8a-21e6-47de-a2b8-7f449929d43f,Drake,a1552752-3b43-43b7-aeef-1f282360c993,For All the Dogs,Album,,
9fff2f8a-21e6-47de-a2b8-7f449929d43f,Drake,e27271a1-7c6d-4565-bbd2-562eb9373848,For All the Dogs (SpaceGhostPurrp Remixes),EP,,
9fff2f8a-21e6-47de-a2b8-7f449929d43f,Drake,1f0946c0-5067-4fe8-8d29-e0334f6e53b2,Forever,Album,,
9fff2f8a-21e6-47de-a2b8-7f449929d43f,Drake,c1ab705e-d90e-4d13-af47-2a4aa2409bad,Heartbreak Drake 3 (The First Semester),Album,,
9fff2f8a-21e6-47de-a2b8-7f449929d43f,Drake,26d2e1f2-a76e-46ff-a2b5-b4200ac883d5,"Honestly, Nevermind",Album,,
131f2976-f781-48df-9aab-71531b4fa0b4,Drake,41884feb-69aa-4def-b9fa-af3638b08699,Inmortal,Album,,
9fff2f8a-21e6-47de-a2b8-7f449929d43f,Drake,b39d5a7e-bf6d-4d6c-b49c-a2c50a21bece,Lost Tracks,Album,,
9fff2f8a-21e6-47de-a2b8-7f449929d43f,Drake,68c1b86a-0240-4833-aecb-d0bdb1adf970,No Face,Single,,
9fff2f8a-21e6-47de-a2b8-7f449929d43f,Drake,0ca69273-7b82-4443-a0f1-489ba1ae1000,Nothing Chopped The Same,Album,,
9fff2f8a-21e6-47de-a2b8-7f449929d43f,Drake,0b6c2da8-ac60-4663-beae-bd3dc6dea94a,Nothing Was the Same,Album,,
9fff2f8a-21e6-47de-a2b8-7f449929d43f,Drake,9ef9c5d8-70d8-4cba-94fd-55fccec56d7f,"Promo Only: Urban Video, December 2013",Album,,
9fff2f8a-21e6-47de-a2b8-7f449929d43f,Drake,ee413deb-88c6-4226-bb58-54a1346bf17f,Remix Collection Vol 1,Album,,
9fff2f8a-21e6-47de-a2b8-7f449929d43f,Drake,1dfe30ef-7dfd-4549-97eb-5364a469f4a7,Remixes,Album,,
9fff2f8a-21e6-47de-a2b8-7f449929d43f,Drake,b6559c8c-d717-477f-aeac-07ce767c092b,Search & Rescue,Single,,
9fff2f8a-21e6-47de-a2b8-7f449929d43f,Drake,5057a12d-ea69-46f5-88b1-ff5512934676,Sex Escapades Vol. 2,Album,,
9fff2f8a-21e6-47de-a2b8-7f449929d43f,Drake,1851c95b-4175-4d68-a67f-9c70972139b7,Sex Escapades Vol. 4,Album,,
131f2976-f781-48df-9aab-71531b4fa0b4,Drake,bd5f3ba3-4205-45c7-afae-3df822ed637e,Simbiosis,EP,,
9fff2f8a-21e6-47de-a2b8-7f449929d43f,Drake,1c9665dc-6dba-49d1-bedf-89406532a360,"Slim K Collection, Vol. 1",Album,,
6fec57ca-05b6-49e8-bb7c-a69d886a22ba,Drake,a5ec48a1-174e-49e8-a57d-8be19cee7d3e,Thaembacy Instrumentals 13,,,
9fff2f8a-21e6-47de-a2b8-7f449929d43f,Drake,56bea6f1-6297-4450-a9eb-f74dd2987545,The Drought Is Over: Friends with Money,Album,,
f82bcf78-5b69-4622-a5ef-73800768d9ac,JAY‐Z,bca3c35a-1bb3-4cec-af43-8d67176798ae,Rocafella Mixtape,Album,1997,1997.0
f82bcf78-5b69-4622-a5ef-73800768d9ac,JAY‐Z,d860f7e6-cfb5-4557-b64d-9f919de6d9fe,"Wake Up Show Freestyles, Vol. 3",Album,1997,1997.0
f82bcf78-5b69-4622-a5ef-73800768d9ac,JAY‐Z,4b8ba20c-c6da-38ef-b22a-4098391764f1,A Million and One Questions,Single,1998,1998.0
f82bcf78-5b69-4622-a5ef-73800768d9ac,JAY‐Z,3a7cb4ec-575e-3614-b71d-1248c2e470cf,"In My Lifetime, Vol. 1",Album,1998-01-26,1998.0
f82bcf78-5b69-4622-a5ef-73800768d9ac,JAY‐Z,a7f852ba-08bc-36f1-92f3-4dc127f4b70a,Reasonable Doubt,Album,1998,1998.0
f82bcf78-5b69-4622-a5ef-73800768d9ac,JAY‐Z,78895624-4357-40ea-bd84-bc1b05e58092,"The Braun MTV Eurochart ’99, Volume 1",Album,1999,1999.0
f82bcf78-5b69-4622-a5ef-73800768d9ac,JAY‐Z,d61ea950-f726-307c-bb6d-1e3b291393bd,The Tables Have Turned,Album,1999,1999.0
f82bcf78-5b69-4622-a5ef-73800768d9ac,JAY‐Z,d5e53edc-fb50-3582-9d39-8b7977232145,Anything,Single,2000-02-14,2000.0
f82bcf78-5b69-4622-a5ef-73800768d9ac,JAY‐Z,854d69dd-8ddb-4db4-a0fc-94f88acb1e3d,What's for Dessert?,Album,2000,2000.0
f82bcf78-5b69-4622-a5ef-73800768d9ac,JAY‐Z,268bb54e-801e-4f2a-8f90-986f9395fbbd,"Girls, Girls, Girls",Single,2001,2001.0
f82bcf78-5b69-4622-a5ef-73800768d9ac,JAY‐Z,bdac1074-48bf-395c-89a5-b2aa9affb33b,"Stadium Series, Pt. 3: Let the Games Begin!",Album,2001,2001.0
f82bcf78-5b69-4622-a5ef-73800768d9ac,JAY‐Z,11ae8c9c-27c1-3308-9761-edb87c8f54ea,The Blueprint,Album,2001-09-11,2001.0
f82bcf78-5b69-4622-a5ef-73800768d9ac,JAY‐Z,a7bdc9bc-c53f-4989-b518-0c76db4e0f0f,Schlack Schlack MK Besch,Album,2002,2002.0
f82bcf78-5b69-4622-a5ef-73800768d9ac,JAY‐Z,11ae8200-876c-3d64-b2b9-90679bd25fd6,Song Cry,Single,2002-12-10,2002.0
f82bcf78-5b69-4622-a5ef-73800768d9ac,JAY‐Z,a9581ce6-375f-3a7b-a0f4-9de04f1e6b10,"Westwood, Volume 3",Album,2002-09-16,2002.0
f82bcf78-5b69-4622-a5ef-73800768d9ac,JAY‐Z,1b39b363-3d2f-4916-9acd-ad6582858ed9,Change Clothes,Single,2003,2003.0
f82bcf78-5b69-4622-a5ef-73800768d9ac,JAY‐Z,59adf513-ff52-4e52-82aa-52ab5af62d46,Hip Hop Don't Stop,Album,2003,2003.0
f82bcf78-5b69-4622-a5ef-73800768d9ac,JAY‐Z,c528f1ef-0882-33f7-be99-ef09fae5ee86,New School Classics: Further Education in Hip Hop: 100 Joints That Define an Era,Album,2003,2003.0
f82bcf78-5b69-4622-a5ef-73800768d9ac,JAY‐Z,d77dd87a-fd61-489a-ba92-49443e4410c0,"Operation Desert Storm, Part 2",Album,2003,2003.0
f82bcf78-5b69-4622-a5ef-73800768d9ac,JAY‐Z,ffc05831-67e4-32bb-9db3-c69e6c84bb87,"Promo Only: Mainstream Radio, April 2003",Album,2003-03,2003.0
f82bcf78-5b69-4622-a5ef-73800768d9ac,JAY‐Z,9a204d2f-d3bb-3570-aea8-49f5a7896100,R&B Love,Album,2003-10-27,2003.0
f82bcf78-5b69-4622-a5ef-73800768d9ac,JAY‐Z,228d1cda-d468-3ad7-9214-f645b1bf8dd7,S. Carter Collection,Album,2003,2003.0
f82bcf78-5b69-4622-a5ef-73800768d9ac,JAY‐Z,b6a51622-99fe-3908-95dd-6826cc4adb4a,Stop / Excuse Me Miss Again,Single,2003,2003.0
f82bcf78-5b69-4622-a5ef-73800768d9ac,JAY‐Z,c0cdbbdd-006d-3f4a-90bb-31e259d839e4,The Blueprint²: The Gift & The Curse,Album,2003-04-08,2003.0
f82bcf78-5b69-4622-a5ef-73800768d9ac,JAY‐Z,cf645bc8-a8df-462c-8fb0-3535671e99b7,"The Hood Legend, Volume 1",Album,2003,2003.0
f82bcf78-5b69-4622-a5ef-73800768d9ac,JAY‐Z,eec4fde6-d60b-4eb6-b458-eb66e390d702,Changing the Game,Album,2004-11,2004.0
f82bcf78-5b69-4622-a5ef-73800768d9ac,JAY‐Z,e13c912f-2bef-4e3f-b105-026ead9a3684,Clinton Sparks Presents: Jay-Z: Live Concert on Smash,Album,2004,2004.0
f82bcf78-5b69-4622-a5ef-73800768d9ac,JAY‐Z,e81258d0-d728-405e-a2ab-2b3f8a467cd6,Dirt Off Your Shoulder,Single,2004,2004.0
f82bcf78-5b69-4622-a5ef-73800768d9ac,JAY‐Z,f9ac5149-c149-3cf2-8ced-c6ff10a34683,Kiss Smooth R&B,Album,2004-01-26,2004.0
f82bcf78-5b69-4622-a5ef-73800768d9ac,JAY‐Z,658c9de3-5bf5-32a2-9b36-c9017761c30c,Major Flavours 5,Album,2004,2004.0
f82bcf78-5b69-4622-a5ef-73800768d9ac,JAY‐Z,77befaa0-662e-3d84-ba45-c862e16dc109,The Black Album,Album,2004-05-10,2004.0
f82bcf78-5b69-4622-a5ef-73800768d9ac,JAY‐Z,68398fa7-6db5-4780-9486-27a612064881,The Blue Album,,2004-02-15,2004.0
f82bcf78-5b69-4622-a5ef-73800768d9ac,JAY‐Z,d80010e4-28a6-326d-9ee3-21ba4777dbcc,"The Hits and Unreleased, Volume 2",Album,2004,2004.0
f82bcf78-5b69-4622-a5ef-73800768d9ac,JAY‐Z,d10ff243-39a2-4151-97b6-b7c9790f4fad,The Neptunes Instrumentals,Album,2004,2004.0
f82bcf78-5b69-4622-a5ef-73800768d9ac,JAY‐Z,c87cf1c3-8893-353c-b831-6de6ba86f19d,The Purple Album,Album,2004,2004.0
f82bcf78-5b69-4622-a5ef-73800768d9ac,JAY‐Z,888bb479-46cd-3c66-bf33-434b7c6ec2b7,The Re‐Mix,Album,2004-05-01,2004.0
f82bcf78-5b69-4622-a5ef-73800768d9ac,JAY‐Z,1584424a-b518-3df7-a2c0-472e4271c275,The Real Best of Both Worlds,Album,2005-02-09,2005.0
f82bcf78-5b69-4622-a5ef-73800768d9ac,JAY‐Z,07368074-3613-47b7-9bed-fbf3b5adcc75,The Warriors,Album,2005,2005.0
f82bcf78-5b69-4622-a5ef-73800768d9ac,JAY‐Z,d8f91a57-9c02-3a83-81c5-b99c572c7a10,Kingdom Come,Album,2006-11-27,2006.0
f82bcf78-5b69-4622-a5ef-73800768d9ac,JAY‐Z,09487220-2b2d-4079-9904-b4c8385314f2,"Promo Only: Urban Club, December 2006",Album,2006,2006.0
f82bcf78-5b69-4622-a5ef-73800768d9ac,JAY‐Z,2d653c72-ebf9-4223-84df-e41505d3033a,RBK Artist Spotlight Vol. 1,Album,2006,2006.0
f82bcf78-5b69-4622-a5ef-73800768d9ac,JAY‐Z,6bf65ca6-30fa-30ba-88fc-e5a053cae3a3,The Black Chronic,Album,2006,2006.0
f82bcf78-5b69-4622-a5ef-73800768d9ac,JAY‐Z,4632d7ca-8813-303b-b85d-c1125cb05671,American Gangster,Album,2007-12-04,2007.0
f82bcf78-5b69-4622-a5ef-73800768d9ac,JAY‐Z,75d65362-a9b4-3e9c-82c6-5392e6615c0a,Vol. 3… Life and Times of S. Carter,Album,2007-11-22,2007.0
f82bcf78-5b69-4622-a5ef-73800768d9ac,JAY‐Z,d003c3ef-7a25-49ef-a1e8-576e2c0ed93e,"2008-06-28: Glastonbury Festival of Contemporary Performing Arts, UK",Album,2008,2008.0
f82bcf78-5b69-4622-a5ef-73800768d9ac,JAY‐Z,f147884b-e12c-403d-a8ee-a09a53645dfa,Library of a Legend,Album,2008-09-12,2008.0
f82bcf78-5b69-4622-a5ef-73800768d9ac,JAY‐Z,6db47d50-591a-4f37-8aad-4d20ae0004c8,My President Is Black,Album,2008,2008.0
f82bcf78-5b69-4622-a5ef-73800768d9ac,JAY‐Z,114c77d9-9c2c-4cd0-8a39-260a26ae7376,Strange Hip Hop,Album,2008,2008.0
f82bcf78-5b69-4622-a5ef-73800768d9ac,JAY‐Z,db18df7e-ee69-467f-8a75-ec5e25c4ed91,The Best Of Jay-Z,Album,2008,2008.0
f82bcf78-5b69-4622-a5ef-73800768d9ac,JAY‐Z,2c430d03-42e9-4e9e-b998-bfc5491242ae,Wax Assassin II: Training Day,Album,2008-11,2008.0
f82bcf78-5b69-4622-a5ef-73800768d9ac,JAY‐Z,ac969444-d06b-4e9b-9ccb-33508ed10305,"2009-10-24: DJ Spinbad Live in Japan: Club Asia, Tokyo, Japan",Album,2009,2009.0
f82bcf78-5b69-4622-a5ef-73800768d9ac,JAY‐Z,c7f9652a-6076-4a61-a6c4-5eae30d2aeee,J(A)Y(Z),Album,2009-09-23,2009.0
f82bcf78-5b69-4622-a5ef-73800768d9ac,JAY‐Z,21290d03-ae72-4adf-8407-03a75d892712,Jigga-live From Glastonbury,Album,2009-11-27,2009.0
f82bcf78-5b69-4622-a5ef-73800768d9ac,JAY‐Z,edb77296-9eb0-4c03-8d60-6b1a18e32efb,Pride of Marcy,,2009,2009.0
f82bcf78-5b69-4622-a5ef-73800768d9ac,JAY‐Z,d0d0ee78-cf91-453c-8410-6dd21e19d8b2,The Red Album,Album,2009,2009.0
f82bcf78-5b69-4622-a5ef-73800768d9ac,JAY‐Z,be41ae87-4531-44a1-bdd7-7bd718f32e62,Creative Control,Album,2010-07-19,2010.0
f82bcf78-5b69-4622-a5ef-73800768d9ac,JAY‐Z,a6b05024-8298-47bd-969e-b4a725525806,The Hits Collection Volume One,Album,2010-11-22,2010.0
f82bcf78-5b69-4622-a5ef-73800768d9ac,JAY‐Z,5a379158-82bf-4e15-87b6-134960c1da46,"NY State of Mind, Vol. 1",Album,2011-11-07,2011.0
f82bcf78-5b69-4622-a5ef-73800768d9ac,JAY‐Z,50c95a97-b6bf-45d8-8647-af3d5b15d3a7,Live In Brooklyn,EP,2012-10-10,2012.0
f82bcf78-5b69-4622-a5ef-73800768d9ac,JAY‐Z,ec8d1e4a-2413-407a-8192-f3cdcf1d5dad,Magna Carta… Holy Grail,Album,2013-07-08,2013.0
f82bcf78-5b69-4622-a5ef-73800768d9ac,JAY‐Z,564c046c-3d88-4a1a-9342-3510bb4d729b,R&B Love Songs,Album,2013-01-28,2013.0
f82bcf78-5b69-4622-a5ef-73800768d9ac,JAY‐Z,775bc732-a8ad-3298-ab66-fd1549a96a3f,The Dynasty: Roc La Familia,Album,2014-08-12,2014.0
f82bcf78-5b69-4622-a5ef-73800768d9ac,JAY‐Z,bfec9044-cf7e-4b01-88f9-0d1a7e96b4d4,"Flip Wilson, Vol. 1",Album,2015-01-29,2015.0
f82bcf78-5b69-4622-a5ef-73800768d9ac,JAY‐Z,8b599a6b-7c70-4ec4-80e2-ce9b5a9cc39e,Hitz City,Album,2015-11-06,2015.0
f82bcf78-5b69-4622-a5ef-73800768d9ac,JAY‐Z,161045e9-f136-42c7-9b2e-40e6ee30a980,Run the Map,Album,2016,2016.0
f82bcf78-5b69-4622-a5ef-73800768d9ac,JAY‐Z,aa35dd3d-b629-4a5f-abe9-a8463f80b37e,4:44,Album,2017-07-07,2017.0
f82bcf78-5b69-4622-a5ef-73800768d9ac,JAY‐Z,7ce2b505-8a89-487c-b118-8dc630f422f5,The Black Album Revisited,Album,2018-11-13,2018.0
f82bcf78-5b69-4622-a5ef-73800768d9ac,JAY‐Z,7bfda0ec-d025-41aa-a3b2-9fdece105858,512,Album,,
f82bcf78-5b69-4622-a5ef-73800768d9ac,JAY‐Z,46f24caf-6e49-4245-bc41-fdcc4c277fd1,A Prelude to Blueprint 3,Album,,
f82bcf78-5b69-4622-a5ef-73800768d9ac,JAY‐Z,c5db60fa-1832-4a7a-981e-5aa5887d7f70,An American Gangster The Mixtape (Re-loaded),Album,,
f82bcf78-5b69-4622-a5ef-73800768d9ac,JAY‐Z,e76182c6-e656-3dd5-96b6-66e32e86bda5,DJ Clue & Desert Storm Present: The Mixtape After Tomorrow,Album,,
f82bcf78-5b69-4622-a5ef-73800768d9ac,JAY‐Z,168f413f-06d7-3eb5-8d93-ae8c7a4b099c,From Marcy to Madison Square,Album,,
f82bcf78-5b69-4622-a5ef-73800768d9ac,JAY‐Z,cb584f95-7ca5-4a7f-84e0-73e54658aa3e,Headliner & Legends,Album,,
f82bcf78-5b69-4622-a5ef-73800768d9ac,JAY‐Z,2e2cbb56-99ad-3997-b418-4f6eece6f0a9,"Hot 97: Platinum, Volume 17",Album,,
f82bcf78-5b69-4622-a5ef-73800768d9ac,JAY‐Z,b1b5dddb-4dd5-339f-9d8d-04dc139cae94,"Hot Joints, Volume 2",Album,,
f82bcf78-5b69-4622-a5ef-73800768d9ac,JAY‐Z,76f08f5c-19af-47f6-89d4-656e64cc4a41,Jay-Z at Studio One,Album,,
f82bcf78-5b69-4622-a5ef-73800768d9ac,JAY‐Z,fc3e26c0-a5c3-3118-a035-9f3fb6e0573c,Money to Burn (4th Edition),Album,,
f82bcf78-5b69-4622-a5ef-73800768d9ac,JAY‐Z,88b1a02e-c9ea-3f53-bb36-a3d9d9742592,Nas vs. Jay-Z (Collectors Edition),Album,,
f82bcf78-5b69-4622-a5ef-73800768d9ac,JAY‐Z,414c3b67-e40f-3bee-9cb2-ee69250393eb,Rap Phenomenon III,Album,,
f82bcf78-5b69-4622-a5ef-73800768d9ac,JAY‐Z,5a75f3f4-7198-4016-be8b-3fdd8d688852,Rare And Unreleased,Album,,
f82bcf78-5b69-4622-a5ef-73800768d9ac,JAY‐Z,e3486e18-e9af-3e0a-84be-595e09993985,Ride Out (Mixed by DJ Entyce & Doo Wop),Album,,
f82bcf78-5b69-4622-a5ef-73800768d9ac,JAY‐Z,8cc1ee2a-79a6-4c5e-bc4f-27815ede304e,TIDAL Talk: A Conversation with Jack Dorsey and JAY-Z,Single,,
f82bcf78-5b69-4622-a5ef-73800768d9ac,JAY‐Z,1f9bbf45-564c-36e9-be15-afbab71bfb18,The Best of J. Hova,Album,,
f82bcf78-5b69-4622-a5ef-73800768d9ac,JAY‐Z,0abeba03-357d-33c0-a3c6-e746d766d46e,The Big Boy Game,Album,,
f82bcf78-5b69-4622-a5ef-73800768d9ac,JAY‐Z,deec45dd-b773-3518-a3f4-7f875ec194f4,The Black & Tan Album,Album,,
f82bcf78-5b69-4622-a5ef-73800768d9ac,JAY‐Z,ef9c3e7c-d731-4e87-9b0a-5994dc56c02a,The Blueprint 3,EP,,
f82bcf78-5b69-4622-a5ef-73800768d9ac,JAY‐Z,21adf60e-253d-3316-b7cb-6e0da1c08ef1,The Hit List 16,Album,,
f82bcf78-5b69-4622-a5ef-73800768d9ac,JAY‐Z,ecb425e0-63bf-3793-85e5-83df713ba5f6,The Latin Album,Album,,
f82bcf78-5b69-4622-a5ef-73800768d9ac,JAY‐Z,bcd3a82e-4dea-35a4-af5c-bfcefce86a91,The New York Mixtape Massacre (Mixed by DJ Envy),Album,,
f0602f55-1770-483d-89bd-4bae0d0ac086,Jennifer Lopez,f89e7f08-f8f9-4163-b792-5e0de88a97b9,DMC DJ Promo 234: Pre-Release and Future Chart Hits,Album,2018-08,2018.0
680f50a8-ae81-478c-93ff-07447a98ae5c,Jhonny Evidence,dedc6962-4ab1-413e-84bf-95a390b2d3d6,Perfecta (Bachata Version),Single,2022-08-19,2022.0
09b1b896-7522-4f38-9711-9c80c8121082,Johandy,dedc6962-4ab1-413e-84bf-95a390b2d3d6,Perfecta (Bachata Version),Single,2022-08-19,2022.0
09b1b896-7522-4f38-9711-9c80c8121082,Johandy,9cd36043-ffae-49e6-8913-d4ffe018a30e,Amigos Con Derechos,Single,,
93094f68-d3dd-44d7-9d0f-86faf22723a4,Johanna Pellerin,e9387443-2b79-44e9-986e-1c76874e4746,It's You (Bachata Version),Single,,
6ed02f44-34dc-4767-a323-6205a0a27819,Kewin Cosmos,166549ef-1602-4fed-9d9f-53b0620e9791,No Guidance (Bachata Version),Single,,
c4de5739-19c3-420f-a6de-c1b4e4b821a1,Manny Rod,3e7d0539-62ef-4dcf-b3a6-0ec9e8642bb9,Bailar Pegados (Bachata Version),Single,,
c4de5739-19c3-420f-a6de-c1b4e4b821a1,Manny Rod,02172ac7-83ba-447a-8710-81decafe62bb,Sabrás (Bachata Version),Single,,
40e7db0c-e64b-4bf3-94b5-ed7cad445158,Marco Puma,7dae3524-b497-4edf-8596-ae19c23d7dad,Soy yo,Album,2019-10-17,2019.0
734d0f6d-5221-4b0c-95a8-bc154ed4ae33,Melvin War,166549ef-1602-4fed-9d9f-53b0620e9791,No Guidance (Bachata Version),Single,,
ded4b25a-e5c2-42df-a87c-fd55f294faa2,Mr. Don,b7387700-1ff7-486b-b354-04123d759f5a,Para Que No Me Duela Tanto,Single,2019-09-12,2019.0
ded4b25a-e5c2-42df-a87c-fd55f294faa2,Mr. Don,dedc6962-4ab1-413e-84bf-95a390b2d3d6,Perfecta (Bachata Version),Single,2022-08-19,2022.0
ded4b25a-e5c2-42df-a87c-fd55f294faa2,Mr. Don,bfaf62be-069d-4d5f-9801-74e8e3670251,Hookah & Sheridan's (Bachata Version),Single,,
f0f0b4f5-0261-4bf5-ad61-7a1befec2265,Mr.Don,9cd36043-ffae-49e6-8913-d4ffe018a30e,Amigos Con Derechos,Single,,
f0f0b4f5-0261-4bf5-ad61-7a1befec2265,Mr.Don,b5f46e37-46e6-4478-9d44-dd9c3631e289,Somebody (Bachata),Single,,
0632484a-38f2-42f0-bf23-ab93d683e899,Paul Waked,c7be3114-2f99-4867-b964-93972f55d30a,3 Daqat Bachata,Single,,
149f91ef-1287-46da-9a8e-87fee02f1471,Pharrell Williams,6da4a1b8-6a8f-3fb2-b947-302dd39180d9,Planet Neptune,Album,2002,2002.0
149f91ef-1287-46da-9a8e-87fee02f1471,Pharrell Williams,b093c950-56aa-34d4-bfee-43e7c2f955a0,Alive on Arrival,Album,2006,2006.0
149f91ef-1287-46da-9a8e-87fee02f1471,Pharrell Williams,9e4828b5-0eb1-4953-9fac-1c6cf47ed9b8,Best of Black ’06: The Finest Black Music of the Year,Album,2006-11-10,2006.0
149f91ef-1287-46da-9a8e-87fee02f1471,Pharrell Williams,900411c4-d0e1-3035-93e7-94c2fb258624,Number One,Single,2006,2006.0
149f91ef-1287-46da-9a8e-87fee02f1471,Pharrell Williams,c54b3b99-0ee3-328d-8a0c-dc4aa4e76594,"Promo Only: Urban Club, November 2006",Album,2006-10-09,2006.0
149f91ef-1287-46da-9a8e-87fee02f1471,Pharrell Williams,87a2956c-5426-470d-9524-69094c41f818,Street Bass Anthems,Album,2006,2006.0
149f91ef-1287-46da-9a8e-87fee02f1471,Pharrell Williams,b26b5711-1a7b-4004-8c62-07a7d1445fbd,That Girl,Single,2006-10-30,2006.0
149f91ef-1287-46da-9a8e-87fee02f1471,Pharrell Williams,76c9a3f4-e096-411a-b1c9-6cfd8b52c97c,"The Braun MTV Eurochart 2006, Volume 2",Album,2006-02,2006.0
149f91ef-1287-46da-9a8e-87fee02f1471,Pharrell Williams,de9e5810-b132-4135-947f-2ca0a9f99022,Out of My Mind,Album,2007,2007.0
149f91ef-1287-46da-9a8e-87fee02f1471,Pharrell Williams,40df58ca-b790-4106-9d31-3071c462c9a3,Out of This World,Album,2009-01-18,2009.0
149f91ef-1287-46da-9a8e-87fee02f1471,Pharrell Williams,af8f5633-cebe-4627-b776-1c1be88f593c,Despicable Me: Original Motion Picture Soundtrack,Album,2010-07-06,2010.0
149f91ef-1287-46da-9a8e-87fee02f1471,Pharrell Williams,b3c00ec2-67eb-4fcb-922d-7cc159503947,The Billionaire Boys Club Tape,Album,2012-07-30,2012.0
149f91ef-1287-46da-9a8e-87fee02f1471,Pharrell Williams,a74f9e1c-e4ca-4768-b349-7c599c977234,"Promo Only: Hot Video, January 2014",Album,2013-12,2013.0
149f91ef-1287-46da-9a8e-87fee02f1471,Pharrell Williams,613bf7e1-4ddc-4542-a04a-fe6a16c6465f,"Boiler Room: DJ Jazzy Jeff in London, Apr 18, 2014",Album,2014-04-18,2014.0
149f91ef-1287-46da-9a8e-87fee02f1471,Pharrell Williams,659b5aef-15bd-474e-92d0-f31906e19f7d,Chilled R&B: The Gold Edition,Album,2014-07-04,2014.0
149f91ef-1287-46da-9a8e-87fee02f1471,Pharrell Williams,aa6517bb-49e8-49a7-9050-d82819dc4d4b,Cloud Club,Album,2014-03-17,2014.0
149f91ef-1287-46da-9a8e-87fee02f1471,Pharrell Williams,dd7c7512-d98c-49be-8814-4d2939420dba,Die Ultimative Chart Show - Die Erfolgreichsten Album-Hits 2014,Album,2014,2014.0
149f91ef-1287-46da-9a8e-87fee02f1471,Pharrell Williams,be3449fb-60ac-4c9a-97e0-3ad17fa6907b,Diplo & Friends Guest Mix,Broadcast,2014,2014.0
149f91ef-1287-46da-9a8e-87fee02f1471,Pharrell Williams,b98397c3-76c8-4d00-8274-fbbc418bb99f,G I R L,Album,2014-03-03,2014.0
149f91ef-1287-46da-9a8e-87fee02f1471,Pharrell Williams,0edb651f-29a2-4949-968f-84b327a49143,Gust of Wind,Single,2014-12-05,2014.0
149f91ef-1287-46da-9a8e-87fee02f1471,Pharrell Williams,48dfa6b9-b4ae-461d-a993-a5c1b93f4cab,Happy (YourEnigma Remix),Single,2014-05-22,2014.0
149f91ef-1287-46da-9a8e-87fee02f1471,Pharrell Williams,c0dc20f5-315b-4662-a9ea-9e039c16d77c,La Rentrée Des Hits 2014,Album,2014-08-21,2014.0
149f91ef-1287-46da-9a8e-87fee02f1471,Pharrell Williams,64b18de5-2e49-4a1c-b2b7-506df93da43c,Marilyn Monroe,Single,2014-05-30,2014.0
149f91ef-1287-46da-9a8e-87fee02f1471,Pharrell Williams,f0c5d009-8fac-480a-af66-39fe8aae41fe,MuchDance 2015,Album,2014-11-04,2014.0
149f91ef-1287-46da-9a8e-87fee02f1471,Pharrell Williams,db694f56-ca10-4981-9467-fc01b46e48d4,NBA2K15,Album,2014-10-07,2014.0
149f91ef-1287-46da-9a8e-87fee02f1471,Pharrell Williams,7e4db74c-f0d3-4831-852d-6c4bbaf782ad,NRJ Summer Hits Only 2014,Album,2014-06-20,2014.0
149f91ef-1287-46da-9a8e-87fee02f1471,Pharrell Williams,d80fb44a-c372-4a60-8d69-b4e103ce11ae,Planète Rap 2014 Vol.2,Album,2014-08-04,2014.0
149f91ef-1287-46da-9a8e-87fee02f1471,Pharrell Williams,52659e28-9e7a-4256-8bc1-c1a7331a1779,"Promo Only: Mainstream Radio, February 2014",Album,2014-01-21,2014.0
149f91ef-1287-46da-9a8e-87fee02f1471,Pharrell Williams,d2ae8f7d-1fc2-4195-b378-19f63bb0508b,Skyradio,Album,2014,2014.0
149f91ef-1287-46da-9a8e-87fee02f1471,Pharrell Williams,85a0af61-bf1f-4e47-9ef6-a8c843e0accd,So Fresh: The Hits of Spring 2014,Album,2014,2014.0
149f91ef-1287-46da-9a8e-87fee02f1471,Pharrell Williams,ac38cb47-19c0-4bee-8187-cb30fefed6fd,"The Dome, Volume 72",Album,2014-12-05,2014.0
149f91ef-1287-46da-9a8e-87fee02f1471,Pharrell Williams,c7668613-ed2d-432d-9846-670fe633ee07,Voices,Album,2014-02-16,2014.0
149f91ef-1287-46da-9a8e-87fee02f1471,Pharrell Williams,4390804a-0688-4408-9d32-c4020cf99d03,De Maxx Long Player 35: The Remix Edition,Album,2015-11-13,2015.0
149f91ef-1287-46da-9a8e-87fee02f1471,Pharrell Williams,98aa3702-096d-47c8-8dc8-eddd70cf9c42,Echo: Deutscher Musikpreis 2015,Album,2015-03-20,2015.0
149f91ef-1287-46da-9a8e-87fee02f1471,Pharrell Williams,bfec9044-cf7e-4b01-88f9-0d1a7e96b4d4,"Flip Wilson, Vol. 1",Album,2015-01-29,2015.0
149f91ef-1287-46da-9a8e-87fee02f1471,Pharrell Williams,ebf85e09-cafc-4599-8742-931b5333df23,Live Long & Prosper,Album,2015-10-21,2015.0
149f91ef-1287-46da-9a8e-87fee02f1471,Pharrell Williams,b2a47192-aa94-4162-8ac3-18536dc65254,MykonoΣ 2015 Feel the Heat,Album,2015,2015.0
149f91ef-1287-46da-9a8e-87fee02f1471,Pharrell Williams,6552b1d4-6d5b-4c18-9b42-8577c3499c83,Out Of This World,Album,2015-04-06,2015.0
149f91ef-1287-46da-9a8e-87fee02f1471,Pharrell Williams,feae81a2-fdf6-4e6d-bff3-b05777bab03d,Peaches-N-Cream,Album,2015-05-06,2015.0
149f91ef-1287-46da-9a8e-87fee02f1471,Pharrell Williams,78dcf68e-7c9f-48f7-8ada-5ec988616fcb,The Very Best of Chilled R&B,Album,2015,2015.0
149f91ef-1287-46da-9a8e-87fee02f1471,Pharrell Williams,15f59db0-6409-437f-8337-936fafff2b19,100x Zomer 2016,Album,2016,2016.0
149f91ef-1287-46da-9a8e-87fee02f1471,Pharrell Williams,59101879-fe91-4b14-a460-2aa5fc77f131,Edits,EP,2016-03-30,2016.0
149f91ef-1287-46da-9a8e-87fee02f1471,Pharrell Williams,a8fea39e-0426-4e32-ade8-d3a1d3454cb5,Hidden Figures: The Album,Album,2016-10-24,2016.0
149f91ef-1287-46da-9a8e-87fee02f1471,Pharrell Williams,712c46d4-dbe8-4256-bd55-c6251ba110a2,Ministry of Sound: Good Vibes,Album,2016,2016.0
149f91ef-1287-46da-9a8e-87fee02f1471,Pharrell Williams,98bc5dd9-fc36-4bb3-8663-f4265c3651de,Top 40 Summer: The Ultimate Top 40 Collection,Album,2016-07-05,2016.0
149f91ef-1287-46da-9a8e-87fee02f1471,Pharrell Williams,675438f1-790f-4eef-8928-9a85623c781c,Ultimate Voices,Album,2016-03-18,2016.0
149f91ef-1287-46da-9a8e-87fee02f1471,Pharrell Williams,fb5e1ee4-6a3f-4641-b97e-b8b8ad5ec257,Essential Hits 147,Album,2017-06-15,2017.0
149f91ef-1287-46da-9a8e-87fee02f1471,Pharrell Williams,b0a1402c-450f-46c1-99c2-688f274009ae,Never Down Ep Frenchcore 2017,EP,2017-02-28,2017.0
149f91ef-1287-46da-9a8e-87fee02f1471,Pharrell Williams,4ff99951-d84e-4626-89ae-3385a55f9177,Summertime Vol. 8,Album,2017-07-04,2017.0
149f91ef-1287-46da-9a8e-87fee02f1471,Pharrell Williams,a5cb87a6-8a1a-42a6-8f8b-18dda5a83eab,Souris Calle,Album,2018-10-13,2018.0
149f91ef-1287-46da-9a8e-87fee02f1471,Pharrell Williams,ebc4fc4f-a0be-40bf-a312-a14e1b8ad3fd,F.C. De Kampioenen 4: Viva Boma!,Album,2019,2019.0
149f91ef-1287-46da-9a8e-87fee02f1471,Pharrell Williams,4294fdf3-c33d-406e-b816-890505380e24,Audioclash: Pop – Remixed,Album,2022-05-06,2022.0
149f91ef-1287-46da-9a8e-87fee02f1471,Pharrell Williams,dcfc202c-3f77-4459-be1d-978f494fa82e,Black Yacht Rock Vol. 1: City of Limitless Access,Album,2024-04-05,2024.0
149f91ef-1287-46da-9a8e-87fee02f1471,Pharrell Williams,de94f608-aa3e-4f85-b5e0-f5f20826e80e,Piece by Piece Full Soundtrack,Album,2024-10-11,2024.0
149f91ef-1287-46da-9a8e-87fee02f1471,Pharrell Williams,a5057f0b-91d8-33a5-be7b-5033dee533e6,"2007-07-07: Live Earth, Copacabana Beach, Rio de Janeiro, Brazil",Album,,
149f91ef-1287-46da-9a8e-87fee02f1471,Pharrell Williams,08b31a45-4939-35fd-a65d-330c3415c59b,Down With the King (Gangsta Grillz),Album,,
149f91ef-1287-46da-9a8e-87fee02f1471,Pharrell Williams,e15480ab-7a06-492f-a5a9-22433bdedc9d,Gangsta Boyz Part 2,Album,,
149f91ef-1287-46da-9a8e-87fee02f1471,Pharrell Williams,e084db5d-6536-44ba-aa57-7093479a7b53,HitExplosion 3,Album,,
149f91ef-1287-46da-9a8e-87fee02f1471,Pharrell Williams,f30afec7-1d77-4e4f-8207-35d558346b14,Piece by Piece - Music from the Motion Picture,Album,,
149f91ef-1287-46da-9a8e-87fee02f1471,Pharrell Williams,49545cfc-b5f7-3696-a82b-00a466c83f60,Rhythm & Streets 7 (Mixed by DJ Sense),Album,,
149f91ef-1287-46da-9a8e-87fee02f1471,Pharrell Williams,48609cc7-acb8-3217-b3c9-52739a99e70f,Skateboards and Blazers,Album,,
149f91ef-1287-46da-9a8e-87fee02f1471,Pharrell Williams,fd7d1af6-66f1-4ad0-82d3-35b69ba8bece,Spotify Sessions,Single,,
149f91ef-1287-46da-9a8e-87fee02f1471,Pharrell Williams,ce398490-b467-3d14-b376-64c148ee4139,"The Future of R&B, Part 7 (Mixed by Tapemasters Inc.)",Album,,
149f91ef-1287-46da-9a8e-87fee02f1471,Pharrell Williams,ed869970-98ad-35bb-8258-a8ed72bf003d,"The Inc Files, Part 6 (Mixed by Tapemasters Inc.)",Album,,
149f91ef-1287-46da-9a8e-87fee02f1471,Pharrell Williams,db84f720-2560-4d53-b38b-8279176b35d2,Top of the Spot 2016,Album,,
73e5e69d-3554-40d8-8516-00cb38737a1c,Rihanna,9cbbd96d-efee-40ca-880f-71393f673e43,Good Girl Going Bad Mixtape,Album,2005-07-03,2005.0
73e5e69d-3554-40d8-8516-00cb38737a1c,Rihanna,bc237fe9-bbf4-4395-8ddc-902073b6b021,If It's Lovin' That You Want,Single,2005-11-21,2005.0
73e5e69d-3554-40d8-8516-00cb38737a1c,Rihanna,aefe7de5-11df-38c3-97f5-13df615870fd,Music Of The Sun,Album,2005,2005.0
73e5e69d-3554-40d8-8516-00cb38737a1c,Rihanna,572a0902-159f-39f7-b5c1-4c5159d735f7,Pon de Replay,Single,2005,2005.0
73e5e69d-3554-40d8-8516-00cb38737a1c,Rihanna,58846e3f-fc2b-4e55-bf63-530ded44a8e2,Pon de Replay (Dance Remixes),Single,2005-07-26,2005.0
73e5e69d-3554-40d8-8516-00cb38737a1c,Rihanna,51797d3d-7071-30ee-9fb3-d60aad857ef0,A Girl Like Me,Album,2006,2006.0
73e5e69d-3554-40d8-8516-00cb38737a1c,Rihanna,640d2620-e80a-3bbe-982a-619edc5b9096,Big Club Hits,Album,2006-05-15,2006.0
73e5e69d-3554-40d8-8516-00cb38737a1c,Rihanna,0e8c107d-6241-38eb-bee6-abfb49388167,Bravo Hits 52,Album,2006-02-24,2006.0
73e5e69d-3554-40d8-8516-00cb38737a1c,Rihanna,084fc125-67fa-4847-8f37-a4796350cb00,Full Tilt Remix Volume Eight,Album,2006,2006.0
73e5e69d-3554-40d8-8516-00cb38737a1c,Rihanna,c37c4e65-cdef-4360-9a3e-9e190820aba0,Hits 2. 2006,Album,2006,2006.0
73e5e69d-3554-40d8-8516-00cb38737a1c,Rihanna,ab6c6a6f-eba8-3069-9e2e-704cca4ca8b8,Malhação Internacional 2006,Album,2006,2006.0
73e5e69d-3554-40d8-8516-00cb38737a1c,Rihanna,95063916-a029-3110-9f39-78bcd7c07171,"Partyhouse, Volume 2",Album,2006,2006.0
73e5e69d-3554-40d8-8516-00cb38737a1c,Rihanna,ccf2d290-5fe0-3d1c-9244-89a2a06daf8a,"Promo Only: Dance Radio, December 2006",Album,2006-10,2006.0
73e5e69d-3554-40d8-8516-00cb38737a1c,Rihanna,b4863081-aecc-3631-816e-1542d8b55763,"Promo Only: Dance Radio, May 2006",Album,2006-05,2006.0
73e5e69d-3554-40d8-8516-00cb38737a1c,Rihanna,690c0ec8-4eac-3c4f-b380-a2c46b3ff19f,"Promo Only: Mainstream Radio, March 2006",Album,2006-02-17,2006.0
73e5e69d-3554-40d8-8516-00cb38737a1c,Rihanna,3f46cf33-ef6e-4f4d-9e17-03760896aeff,S.O.S. (Mixes),Single,2006,2006.0
73e5e69d-3554-40d8-8516-00cb38737a1c,Rihanna,baca87df-ed18-3eb0-bfb9-5f8e010df2d4,SOS,Single,2006-02,2006.0
73e5e69d-3554-40d8-8516-00cb38737a1c,Rihanna,2f05e488-62c0-3187-85aa-f7cd670077ec,Unfaithful,Single,2006-08-04,2006.0
73e5e69d-3554-40d8-8516-00cb38737a1c,Rihanna,e5f421fc-b9eb-343e-9712-26b24955a2bc,We Ride,Single,2006-11-01,2006.0
73e5e69d-3554-40d8-8516-00cb38737a1c,Rihanna,5752cdd3-a8c7-3d42-8090-d9501b8a9da9,"Bravo Black Hits, Vol. 16",Album,2007-03-30,2007.0
73e5e69d-3554-40d8-8516-00cb38737a1c,Rihanna,49395655-280b-32f4-8c6e-e9421a6e345d,Club 2K7,Album,2007-02-12,2007.0
73e5e69d-3554-40d8-8516-00cb38737a1c,Rihanna,f0fca602-36e3-3816-9d35-b3b9cef45d33,Dancemix 2008,Album,2007-12-03,2007.0
73e5e69d-3554-40d8-8516-00cb38737a1c,Rihanna,fe8bc91d-5486-4548-8673-d3b1b2d59057,Don’t Stop the Music,Single,2007-09-07,2007.0
73e5e69d-3554-40d8-8516-00cb38737a1c,Rihanna,c2eb1abb-3876-4400-b803-bca87984353c,Don’t Stop the Music: Remixes,Single,2007-07,2007.0
73e5e69d-3554-40d8-8516-00cb38737a1c,Rihanna,30076d5d-23d2-42e2-a95e-cb77c605bf70,"Firstclass: Best of 2007, Volume 1",Album,2007-05-11,2007.0
73e5e69d-3554-40d8-8516-00cb38737a1c,Rihanna,04a0f619-8053-3bf4-87cc-ed0124573149,Ministry of Sound: Clubber’s Guide 2007,Album,2007,2007.0
73e5e69d-3554-40d8-8516-00cb38737a1c,Rihanna,9ddbe3cd-48eb-3f24-95bf-de538444a27f,Much Dance 2008,Album,2007-11-27,2007.0
73e5e69d-3554-40d8-8516-00cb38737a1c,Rihanna,1df28693-763f-3e19-9687-eefbd235e440,"RnB Superclub, Volume 6.0",Album,2007-03-24,2007.0
73e5e69d-3554-40d8-8516-00cb38737a1c,Rihanna,78f6ba29-e590-3395-b570-38480cf6f79e,"Sexxxplicit R&B, Volume 29",Album,2007,2007.0
73e5e69d-3554-40d8-8516-00cb38737a1c,Rihanna,d6708d76-4304-3560-957a-89923a83c53c,The Annual Compilation 2007,Album,2007-04-21,2007.0
73e5e69d-3554-40d8-8516-00cb38737a1c,Rihanna,735f045f-55b7-3e3d-ae56-c27dea6a81c8,Umbrella,Single,2007-05,2007.0
73e5e69d-3554-40d8-8516-00cb38737a1c,Rihanna,ca7e65dd-793b-49a8-8fa5-e9f78f97e144,Addicted to Bassline,Album,2008-04-14,2008.0
73e5e69d-3554-40d8-8516-00cb38737a1c,Rihanna,39bf0384-c57d-41df-b866-75f7363d5707,"Clubland, Volume 2",Album,2008-07-11,2008.0
73e5e69d-3554-40d8-8516-00cb38737a1c,Rihanna,1ecd33e3-46a5-382c-a7f4-0ac4a3b96ee6,Disturbia,Single,2008,2008.0
73e5e69d-3554-40d8-8516-00cb38737a1c,Rihanna,8014ca79-2fd6-4df5-a056-5e3d7e3b10b6,Disturbia (Remixes),Single,2008-09-21,2008.0
73e5e69d-3554-40d8-8516-00cb38737a1c,Rihanna,7e48f018-b774-32e6-a68b-b42db04535c0,Good Girl Gone Bad,Album,2008-06-02,2008.0
73e5e69d-3554-40d8-8516-00cb38737a1c,Rihanna,ea4d909f-53f5-402f-b922-70fc7a6ce4b9,Greatest Hits,Album,2008,2008.0
73e5e69d-3554-40d8-8516-00cb38737a1c,Rihanna,cf287639-c9af-3abd-86aa-a38cff1987be,Jetix hits vakantie 2008,Album,2008,2008.0
73e5e69d-3554-40d8-8516-00cb38737a1c,Rihanna,c83caa82-f010-4333-96b2-a95eb4b9ccdf,"Maxima FM Compilation, Volume 09",Album,2008,2008.0
73e5e69d-3554-40d8-8516-00cb38737a1c,Rihanna,cbfc28de-aa25-3f46-941a-682f56069b99,"Promo Only: Dance Radio, July 2008",Album,2008-06-19,2008.0
73e5e69d-3554-40d8-8516-00cb38737a1c,Rihanna,892ea7e7-b8d4-3756-9e07-332efc8129f7,"Promo Only: Dance Radio, June 2008",Album,2008-05-15,2008.0
73e5e69d-3554-40d8-8516-00cb38737a1c,Rihanna,d92ecb03-528c-3efa-8b7a-a8ef6edc58e5,"Promo Only: Mainstream Club, July 2008",Album,2008-06-05,2008.0
73e5e69d-3554-40d8-8516-00cb38737a1c,Rihanna,3635674d-d87f-4a01-b08b-628ca0d1d0e1,Die ultimative Chart Show: Die erfolgreichsten Hits 2009,Album,2009-12-04,2009.0
73e5e69d-3554-40d8-8516-00cb38737a1c,Rihanna,1231365c-f7b5-306d-92f0-53110b2773b1,Good Girl Gone Bad: The Remixes,Album,2009-02-09,2009.0
73e5e69d-3554-40d8-8516-00cb38737a1c,Rihanna,8d6dfdc7-92ab-481a-933d-a232d48933af,Just Dance,Album,2009-05-26,2009.0
73e5e69d-3554-40d8-8516-00cb38737a1c,Rihanna,06fda337-5c4b-42e0-a96c-a349c786965f,Rated R,Album,2009-11-23,2009.0
73e5e69d-3554-40d8-8516-00cb38737a1c,Rihanna,6871a248-b624-4536-bd81-d85982fe672f,Ri Ri Remixes,EP,2009-10-26,2009.0
73e5e69d-3554-40d8-8516-00cb38737a1c,Rihanna,c5a2c9ec-2d16-4dca-89bd-0ee488f9be53,Russian Roulette,Single,2009-10,2009.0
73e5e69d-3554-40d8-8516-00cb38737a1c,Rihanna,624bab88-84fb-4d3a-b4a7-9af1e68ac731,"Black Summer Party: Best Of, Vol. 7",Album,2010-06-18,2010.0
73e5e69d-3554-40d8-8516-00cb38737a1c,Rihanna,aef02456-20e9-4688-b814-7bb7f1466d32,Commercial Collection 327,,2010-04,2010.0
73e5e69d-3554-40d8-8516-00cb38737a1c,Rihanna,62a31f66-3574-4c02-90f9-fffde3401d22,Fun Radio Summer Dance 2010,Album,2010-08,2010.0
73e5e69d-3554-40d8-8516-00cb38737a1c,Rihanna,0517804d-a6d4-43dc-be0a-b7caf944663a,Los Nº 1 de los 40 Principales,Album,2010-10-26,2010.0
73e5e69d-3554-40d8-8516-00cb38737a1c,Rihanna,7c6de97d-bf6a-4793-82f5-f142baed33e6,Loud,Album,2010-11-15,2010.0
73e5e69d-3554-40d8-8516-00cb38737a1c,Rihanna,9e92d619-0439-4565-8024-03f1c5f2c4f5,Love 2 Club,Album,2010-01-25,2010.0
73e5e69d-3554-40d8-8516-00cb38737a1c,Rihanna,c65e26c0-00af-4ebf-aac5-c60586fdf7e8,MNM Big Hits 2010.2,Album,2010,2010.0
73e5e69d-3554-40d8-8516-00cb38737a1c,Rihanna,e16ecc86-dadc-485d-ac50-fe3dad38c72a,NRJ Dance 2010,Album,2010-05-24,2010.0
73e5e69d-3554-40d8-8516-00cb38737a1c,Rihanna,ac0dee2f-ee33-41e4-8ebf-1c113dfffe5a,NRJ Summer Hits Only 2010,Album,2010-06-28,2010.0
73e5e69d-3554-40d8-8516-00cb38737a1c,Rihanna,d783aaca-8629-43f8-84c1-31cc8dd81fdf,Now That’s What I Call Music! 54,Album,2010-03-24,2010.0
73e5e69d-3554-40d8-8516-00cb38737a1c,Rihanna,28b2d32d-695e-49d2-8179-b895b9710164,Out Of The Box,Album,2010-10-09,2010.0
73e5e69d-3554-40d8-8516-00cb38737a1c,Rihanna,4dac5016-63ff-4184-b3a5-cc81e756c55e,Rated R: Remixed,Album,2010-05-25,2010.0
73e5e69d-3554-40d8-8516-00cb38737a1c,Rihanna,bff35e82-aeb2-48a1-9e4b-19ccdd134db8,Rockstar 101: The Remixes,Single,2010-05-18,2010.0
73e5e69d-3554-40d8-8516-00cb38737a1c,Rihanna,00577f41-05ea-418d-9172-0b6cccfdd5ae,Rude Boy (The Remixes),Single,2010-03-23,2010.0
73e5e69d-3554-40d8-8516-00cb38737a1c,Rihanna,8ebb54d0-85e6-40b8-9632-e9270ddc0830,So Fresh: The Hits of Autumn 2010,Album,2010-03-22,2010.0
73e5e69d-3554-40d8-8516-00cb38737a1c,Rihanna,2433d70a-c5a7-49f0-8ab8-b816bb5aac32,So Fresh: The Hits of Spring 2010,Album,2010-09-10,2010.0
73e5e69d-3554-40d8-8516-00cb38737a1c,Rihanna,13880940-0653-4b83-9798-7d4a5c8fb51b,"Sugar Free Pop Hits, Volume 4",Album,2010,2010.0
73e5e69d-3554-40d8-8516-00cb38737a1c,Rihanna,67c48578-f8d9-4188-8f62-f85a293091d9,CD Pool - Dance Hits (2011-01),Album,2011-01-18,2011.0
73e5e69d-3554-40d8-8516-00cb38737a1c,Rihanna,4cc36036-bc74-4adb-9bd0-214bef902fe5,California King Bed (Remixes),Single,2011-07-15,2011.0
73e5e69d-3554-40d8-8516-00cb38737a1c,Rihanna,a714eb51-51b3-4692-8ccb-0751f9d0aba1,Clubland 19,Album,2011-06-27,2011.0
73e5e69d-3554-40d8-8516-00cb38737a1c,Rihanna,dd921127-1c24-4b15-85cb-208388dca3ab,DJ Kaori’s Party Mix 2,Album,2011-06-22,2011.0
73e5e69d-3554-40d8-8516-00cb38737a1c,Rihanna,794aee17-0764-4b4d-814b-8ccb97dca62d,Hit Connection 2011.3,Album,2011,2011.0
73e5e69d-3554-40d8-8516-00cb38737a1c,Rihanna,600508af-ae86-495a-bbe9-20d9fd478dc6,"Kontor: Top of the Clubs, Volume 52",Album,2011-09-16,2011.0
73e5e69d-3554-40d8-8516-00cb38737a1c,Rihanna,4ea3cde8-55c5-41dc-b4ee-fc4986f38284,Ministry of Sound: Maximum Bass Platinum,Album,2011,2011.0
73e5e69d-3554-40d8-8516-00cb38737a1c,Rihanna,82db57d4-8900-4984-823a-36357d6cdb27,Now! Christmas 5,Album,2011-12-06,2011.0
73e5e69d-3554-40d8-8516-00cb38737a1c,Rihanna,3816bca1-3b16-4d50-909f-237a5bcf1a61,Now! Dance 2,Album,2011,2011.0
73e5e69d-3554-40d8-8516-00cb38737a1c,Rihanna,82e0e45f-d1a3-4c4a-addc-6ddfb629d097,Only Girl (in the World),Single,2011,2011.0
73e5e69d-3554-40d8-8516-00cb38737a1c,Rihanna,fd5d9647-4b11-4989-843b-60f91115d80e,"Promo Only: Rhythm Radio, August 2011",Album,2011-08,2011.0
73e5e69d-3554-40d8-8516-00cb38737a1c,Rihanna,b4e32a23-58ed-475d-82cf-2e6819a8af7d,Remix Heaven 2010,Album,2011,2011.0
73e5e69d-3554-40d8-8516-00cb38737a1c,Rihanna,a9db13b6-cac9-4c05-b47f-be965c064064,S&M,Single,2011-03-18,2011.0
73e5e69d-3554-40d8-8516-00cb38737a1c,Rihanna,9a94acf9-fbc3-4934-9a13-efbe6430984a,Wild Reunion 1996–2011,Album,2011,2011.0
73e5e69d-3554-40d8-8516-00cb38737a1c,Rihanna,5285118e-7f16-46ec-ad47-8c85814275b7,You Da One,Single,2011-11-14,2011.0
73e5e69d-3554-40d8-8516-00cb38737a1c,Rihanna,20dd2caf-4ff9-419e-b4ec-e70473ba00ab,You da One (Remixes),Single,2011-11-14,2011.0
73e5e69d-3554-40d8-8516-00cb38737a1c,Rihanna,166f4265-f7a0-4e5d-a588-4d2f97905535,Diamonds (Remixes),Single,2012-12-18,2012.0
73e5e69d-3554-40d8-8516-00cb38737a1c,Rihanna,915de83f-e17e-41cb-bdb3-a6c53e5d64a0,"Fun Club 2012, Vol 2",Album,2012,2012.0
73e5e69d-3554-40d8-8516-00cb38737a1c,Rihanna,8ac9c680-8aea-4363-87ef-c3542401b15e,Grandmix 2012,Album,2012-12-28,2012.0
73e5e69d-3554-40d8-8516-00cb38737a1c,Rihanna,0ca7b14a-18d4-47bd-86a7-04976f1f685a,LOUD Tour: Live at the O2,Album,2012-12-13,2012.0
73e5e69d-3554-40d8-8516-00cb38737a1c,Rihanna,52e68cf2-03f3-4b56-ae26-6b118ef44ac1,Power Vrouwen Top 101,Album,2012-02-24,2012.0
73e5e69d-3554-40d8-8516-00cb38737a1c,Rihanna,9b1089e9-0b31-4db0-be09-8679872d2ebf,The Video Year Mix 2012,,2012-12-28,2012.0
73e5e69d-3554-40d8-8516-00cb38737a1c,Rihanna,84b8af08-d26b-46fe-a65f-64f311299d13,Where Have You Been,Single,2012,2012.0
73e5e69d-3554-40d8-8516-00cb38737a1c,Rihanna,d51c2a58-aeae-47b4-b97e-407343aaa9ee,Where Have You Been (Remixes),Single,2012-05-12,2012.0
73e5e69d-3554-40d8-8516-00cb38737a1c,Rihanna,7d0af037-53b4-4631-b28c-3f627c96402e,#Holiday Anthems,Album,2013,2013.0
73e5e69d-3554-40d8-8516-00cb38737a1c,Rihanna,fd6f45a8-79cc-417e-9656-f248a00e3fb8,EDM: Electronic Dance Music,Album,2013-05-06,2013.0
73e5e69d-3554-40d8-8516-00cb38737a1c,Rihanna,9fe3579f-7ebc-4451-88af-55cca8ceee7e,For DJs Only 2013/01: Club Selection,Album,2013,2013.0
73e5e69d-3554-40d8-8516-00cb38737a1c,Rihanna,e87f35d5-d685-4418-b5b2-5e6ece4ff916,Greatest Hits,Album,2013,2013.0
73e5e69d-3554-40d8-8516-00cb38737a1c,Rihanna,d9899d4e-522b-4c00-ab9c-cdb77434021f,Latin Sensation 4,Album,2013-06-23,2013.0
73e5e69d-3554-40d8-8516-00cb38737a1c,Rihanna,d2ecaadd-feaf-4e60-afa6-1c88c31c23fe,Rihanna 777 Documentary... 7Countries7Days7Shows,Album,2013-05-07,2013.0
73e5e69d-3554-40d8-8516-00cb38737a1c,Rihanna,1ab3ba95-bc96-46f4-bc6d-1e57bc6ad1a0,Unapologetic,Album,2013,2013.0
73e5e69d-3554-40d8-8516-00cb38737a1c,Rihanna,b42c40ed-c4d5-4f01-baa5-f0cdae753b74,We Love to Party,Album,2013-01-25,2013.0
73e5e69d-3554-40d8-8516-00cb38737a1c,Rihanna,6a721c97-c364-4446-a4c4-5ea778c6b5fe,What Now (Remixes),Single,2013-09-17,2013.0
73e5e69d-3554-40d8-8516-00cb38737a1c,Rihanna,92500272-0e1a-4b9d-8867-4cf7b328f526,Eat Sleep Rave Repeat,Album,2014-02-10,2014.0
73e5e69d-3554-40d8-8516-00cb38737a1c,Rihanna,c7894c53-14f9-4dac-bc37-ecc75528b3e7,Bitch Better Have My Money (R3Hab Remix),Single,2015-05-04,2015.0
73e5e69d-3554-40d8-8516-00cb38737a1c,Rihanna,0c482acd-35a2-466b-b833-ef5f2f1297d4,ANTI,Album,2016-02-05,2016.0
73e5e69d-3554-40d8-8516-00cb38737a1c,Rihanna,7f042096-ebe9-440a-a97f-e875778bda86,Work (Remixes),Single,2016-03-18,2016.0
73e5e69d-3554-40d8-8516-00cb38737a1c,Rihanna,e484b7a7-bc75-41b2-acde-1eea293c796e,Sex With Me (Dance Remixes),Single,2017-02-03,2017.0
73e5e69d-3554-40d8-8516-00cb38737a1c,Rihanna,2e68c746-c2b0-41d2-bc21-88be346c1d0b,ETERNAL DAMNATION,Album,2019-08-25,2019.0
73e5e69d-3554-40d8-8516-00cb38737a1c,Rihanna,d4b579a2-c1b4-373c-9a9d-152b2412e354,"2007-07-07: Live Earth, Makuhari Messe, Tokyo, Japan",Album,,
73e5e69d-3554-40d8-8516-00cb38737a1c,Rihanna,97c1d9a9-7155-42a3-9de7-77618874b1ca,"Big Mike & Big Stress: R&B Jumpoff, Part 36",Album,,
73e5e69d-3554-40d8-8516-00cb38737a1c,Rihanna,82aa8d47-ce5f-4867-bed9-6f606cf092a9,Dutty Laundry: Hood Classics Radio 4,Album,,
73e5e69d-3554-40d8-8516-00cb38737a1c,Rihanna,f27ccb6c-634e-4297-aeda-410ca8cd9c94,Platinum Slow Jams 25,Album,,
73e5e69d-3554-40d8-8516-00cb38737a1c,Rihanna,b08e9fc9-62ad-341c-995b-5120cd1a4897,"Remixland 2006, Volume 5",Album,,
73e5e69d-3554-40d8-8516-00cb38737a1c,Rihanna,e50cbeaa-cdf6-4622-82c4-2e0bd3b24be5,Stripped: Raw and Real,Broadcast,,
73e5e69d-3554-40d8-8516-00cb38737a1c,Rihanna,97e53d2c-fc7e-4f6c-9b21-bbbd7acedaa4,The Singles Collection,Album,,
73e5e69d-3554-40d8-8516-00cb38737a1c,Rihanna,8b7a50c2-6abe-44fd-bad3-802106a82426,The Woman in Black,Album,,
7f9dd08a-ec4a-4ec9-b7a6-d794039143f4,Seo Fernandez,21141e95-bafd-4b18-b70b-97a9d5b9192d,Culpables (Bachata Version),Single,,
24ad22f5-201f-4e6f-914a-740bba823c2f,Tiguere,166549ef-1602-4fed-9d9f-53b0620e9791,No Guidance (Bachata Version),Single,,
ffaa2713-37c9-44f1-bcbd-41278a6383d7,Vinny Rivera,dedc6962-4ab1-413e-84bf-95a390b2d3d6,Perfecta (Bachata Version),Single,2022-08-19,2022.0
e741ddc7-a578-4dca-ba09-f1dc233ae0c0,VvvvvaVvvvvvr,2e894227-3e36-48cd-92f5-40ee79d24d3b,VvvvvaVvvvvvr’s Vighest Vuality Vips Volume Vinal: I uploaded Everything,Album,2020-07-12,2020.0
164f0d73-1234-4e2c-8743-d77bf2191051,Ye,639afe6e-1f48-43ec-8568-00e5ed25c9bc,2001 Demo Tape,,2001,2001.0
164f0d73-1234-4e2c-8743-d77bf2191051,Ye,c96996bf-c616-3343-a68b-e5a892c059e3,I’m Good…,Album,2003,2003.0
164f0d73-1234-4e2c-8743-d77bf2191051,Ye,d19ccc7e-339b-3a11-b74b-32be54da117a,Jesus Walks,Single,2004,2004.0
164f0d73-1234-4e2c-8743-d77bf2191051,Ye,c9ce2b19-7b10-3f20-a841-bf07cfcff35f,Kiss Jams,Album,2004-09-20,2004.0
164f0d73-1234-4e2c-8743-d77bf2191051,Ye,8a01217e-6947-3927-a39b-6691104694f1,The College Dropout,Album,2004,2004.0
164f0d73-1234-4e2c-8743-d77bf2191051,Ye,0ff20f60-7e8d-3e0b-912d-f45f11bdf741,The Everything Kanye Mixtape,Album,2004,2004.0
164f0d73-1234-4e2c-8743-d77bf2191051,Ye,58adbae4-d201-3843-ba9c-fc94542596c0,Freshmen Adjustment,Album,2005-03-21,2005.0
164f0d73-1234-4e2c-8743-d77bf2191051,Ye,c563d738-3841-31ce-b29d-ec6b40fd1e7b,Late Registration,Album,2005-03,2005.0
164f0d73-1234-4e2c-8743-d77bf2191051,Ye,fdf1df79-1936-3779-ab2d-6f440dc2637e,The College Dropout Video Anthology,Album,2005-03-22,2005.0
164f0d73-1234-4e2c-8743-d77bf2191051,Ye,beb388c3-9b36-4283-8255-f7480c0a7fee,YTV Big Fun Party Mix 6,Album,2005-04-19,2005.0
164f0d73-1234-4e2c-8743-d77bf2191051,Ye,7c1ff7c9-d657-37b5-be71-1d74336dda1f,Allstars of Hip Hop and R&B,Album,2006-01-24,2006.0
164f0d73-1234-4e2c-8743-d77bf2191051,Ye,ba02d882-b77c-348a-a6e4-2bb6fe0ae2fe,Touch the Sky,Album,2006-01,2006.0
164f0d73-1234-4e2c-8743-d77bf2191051,Ye,03b9ed18-ad92-376c-9ddb-a76116787748,Ultimate R&B,Album,2006,2006.0
164f0d73-1234-4e2c-8743-d77bf2191051,Ye,932df341-9a6e-383b-b017-121be44b4a50,Wake Up Mr. West,Single,2006,2006.0
164f0d73-1234-4e2c-8743-d77bf2191051,Ye,5a1ec321-9076-4cf6-8a8c-f602c82b10a2,Alter Ego,Album,2007,2007.0
164f0d73-1234-4e2c-8743-d77bf2191051,Ye,d44c50ad-61fd-3fce-95fc-27024d7f1d30,Graduation,Album,2007-09-05,2007.0
164f0d73-1234-4e2c-8743-d77bf2191051,Ye,7b3bfb82-d7da-3dac-8012-93ec0423f5c6,September 11th: 50 Cent vs. Kanye,Album,2007,2007.0
164f0d73-1234-4e2c-8743-d77bf2191051,Ye,2dd14603-8e60-464a-b9cb-34066081ec21,Stronger (Remixes),Single,2007-08-13,2007.0
164f0d73-1234-4e2c-8743-d77bf2191051,Ye,09e82aa7-c8d0-3140-978c-1ee42fd65014,The Graduate,Album,2007-10-18,2007.0
164f0d73-1234-4e2c-8743-d77bf2191051,Ye,4cec7e0b-4666-499e-8a7e-8a841f8718e1,The Illegal Album,Album,2007,2007.0
164f0d73-1234-4e2c-8743-d77bf2191051,Ye,36f97f4e-9e9c-4fa0-9518-11778548715e,Can’t Tell Me Nothing / Barry Bonds,,2008,2008.0
164f0d73-1234-4e2c-8743-d77bf2191051,Ye,242d3c11-f39b-4703-a305-310f318ff73d,Fast Forward,Album,2008-06-28,2008.0
164f0d73-1234-4e2c-8743-d77bf2191051,Ye,f7ddaaf7-b4d7-4842-82a3-1518afe5949a,Good Life,Album,2008-05-12,2008.0
164f0d73-1234-4e2c-8743-d77bf2191051,Ye,befe5b89-0ec4-4d63-9385-1477eb571ce6,Heartless,Single,2008-11-05,2008.0
164f0d73-1234-4e2c-8743-d77bf2191051,Ye,a0afd355-d033-4bd0-83a8-ae071ef9e8c7,Kanye's Universe,Album,2008-09-12,2008.0
164f0d73-1234-4e2c-8743-d77bf2191051,Ye,6cfc728b-c417-4993-9630-54beb7845579,Your Girls Favorite Mixtape (Fall Edition 2),Album,2008-11-22,2008.0
164f0d73-1234-4e2c-8743-d77bf2191051,Ye,b6ecd507-7a29-444c-8ebc-61906a35015a,"Black Summer Party: Best Of, Vol. 6",Album,2009-06-05,2009.0
164f0d73-1234-4e2c-8743-d77bf2191051,Ye,c2f538c1-58fe-44fd-be66-fb57738f8291,"Bravo Black Hits, Vol. 20",Album,2009-04-03,2009.0
164f0d73-1234-4e2c-8743-d77bf2191051,Ye,120e948e-42c8-4783-a090-c227a7800d8a,Coast 2 Coast Instrumentals 9,Album,2009-01-23,2009.0
164f0d73-1234-4e2c-8743-d77bf2191051,Ye,41efe651-b79a-4120-8599-87ca4b72f1fc,Glow in the Dark,EP,2009-10-20,2009.0
164f0d73-1234-4e2c-8743-d77bf2191051,Ye,7d9ccfb6-debf-3f6b-8d3d-f0fc26b07ceb,NOW That’s What I Call Music! 51,Album,2009-03,2009.0
164f0d73-1234-4e2c-8743-d77bf2191051,Ye,a1860a0f-1cb7-4398-8573-c6a699e63bc6,R.M.X II,Album,2009-08-01,2009.0
164f0d73-1234-4e2c-8743-d77bf2191051,Ye,18296dab-ca5a-357a-b160-2279343bfe12,Sky High: Presented by DJ Benzi and Plain Pat,Album,2009,2009.0
164f0d73-1234-4e2c-8743-d77bf2191051,Ye,699b2867-6c80-46f0-9ba8-b58317cf1e7b,CD POOL - HITS 26 - November 10,Album,2010-11-01,2010.0
164f0d73-1234-4e2c-8743-d77bf2191051,Ye,8be0a05d-a0d0-4b85-ac54-6b0a42ee660a,Devil in a New Dress,Single,2010-09-04,2010.0
164f0d73-1234-4e2c-8743-d77bf2191051,Ye,0a923d91-d46c-4d51-a8b5-ccd3fec40fc3,"Instrumental Slaughter, Volume 30",Album,2010-12-20,2010.0
164f0d73-1234-4e2c-8743-d77bf2191051,Ye,5d6e21e1-deb5-428e-bb42-c2a567f3619b,My Beautiful Dark Twisted Fantasy,Album,2010-11-22,2010.0
164f0d73-1234-4e2c-8743-d77bf2191051,Ye,e51f7f9c-e236-4d68-8dfa-5328c3d30e71,The Robot Remains: The Remix Collection,Album,2010-03,2010.0
164f0d73-1234-4e2c-8743-d77bf2191051,Ye,d684142d-4343-4408-b11e-0eca5bbac012,VH1 Storytellers,Album,2010-01-05,2010.0
164f0d73-1234-4e2c-8743-d77bf2191051,Ye,0e526a5c-958c-40a8-b383-a3956a1b0d7b,Award Tour: The 2011 Grammy Remix,Album,2011,2011.0
164f0d73-1234-4e2c-8743-d77bf2191051,Ye,01eec786-c970-4dae-9fd1-e064ec2b8bca,Club Nights 7,Album,2011-05-10,2011.0
164f0d73-1234-4e2c-8743-d77bf2191051,Ye,4a57c915-734a-4d43-9435-771e027311bd,Diggin’ in the Tapes,Album,2011-01-01,2011.0
164f0d73-1234-4e2c-8743-d77bf2191051,Ye,0ab0315f-dd17-4b71-a163-d04ae2370f9b,Eyes Closed,Album,2011,2011.0
164f0d73-1234-4e2c-8743-d77bf2191051,Ye,4f763a97-30ab-4082-9382-6767f4f2eb36,Live at Coachella 2011,Album,2011-04-17,2011.0
164f0d73-1234-4e2c-8743-d77bf2191051,Ye,1af144c9-2026-4c49-b183-6d685293e345,G.O.O.D vs. YMCMB,Album,2012-06-05,2012.0
164f0d73-1234-4e2c-8743-d77bf2191051,Ye,66e83c73-55ef-43b9-a8c1-a66c2e833dc8,Street Kings 13: Madness,Album,2012-10-26,2012.0
164f0d73-1234-4e2c-8743-d77bf2191051,Ye,1c1b50ec-828b-3d7c-9b1b-54cb1fe97d55,808s & Heartbreak,Album,2013-12-17,2013.0
164f0d73-1234-4e2c-8743-d77bf2191051,Ye,db47a2fd-0692-42e1-8aa2-2c89504647dc,Faith,Album,2013-09-07,2013.0
164f0d73-1234-4e2c-8743-d77bf2191051,Ye,503ee7a9-930f-48d8-9160-fecdbda87521,"Girl Trapz, Volume Four",Album,2013-11-25,2013.0
164f0d73-1234-4e2c-8743-d77bf2191051,Ye,80b01534-6010-4d95-9740-7a03b822ade9,The Prerequisite,Album,2013-04,2013.0
164f0d73-1234-4e2c-8743-d77bf2191051,Ye,5d4d0f2d-9be7-4922-bc9a-cbd2880b12c2,Yeezus,Album,2013-07-10,2013.0
164f0d73-1234-4e2c-8743-d77bf2191051,Ye,98b5d089-392a-40e4-9faf-ceb4491f5b0f,The Menu,Album,2015-05-25,2015.0
164f0d73-1234-4e2c-8743-d77bf2191051,Ye,8c18657a-6338-490d-a952-897663596b96,The Life of Pablo,Album,2016-06-15,2016.0
164f0d73-1234-4e2c-8743-d77bf2191051,Ye,c68b4479-57e0-459f-9747-00b2a75285ca,The Life of Paul,Album,2016-11-13,2016.0
164f0d73-1234-4e2c-8743-d77bf2191051,Ye,85584ff2-61da-409e-89c6-90a684e39859,Tracks of the Month (February Edition) (2016),Album,2016-02-26,2016.0
164f0d73-1234-4e2c-8743-d77bf2191051,Ye,b26cd80b-44ae-4199-8b77-72d6f957e624,TurboGrafx 16,Album,2016,2016.0
164f0d73-1234-4e2c-8743-d77bf2191051,Ye,6900b3b5-94cd-45c8-ae20-c409791cca55,"Boiler Room: DJ Craze in London, Mar 28, 2017",Album,2017-03-28,2017.0
164f0d73-1234-4e2c-8743-d77bf2191051,Ye,6448381d-9d98-4f84-b99d-733b6acde906,ye,Album,2018-06-06,2018.0
164f0d73-1234-4e2c-8743-d77bf2191051,Ye,6b6441cb-e2d6-4634-99e1-38e94ae77fab,TURBOGRAFX 16: INDIGO SOUND,Album,2020-11-27,2020.0
164f0d73-1234-4e2c-8743-d77bf2191051,Ye,89cb94a8-ba33-42ef-a2e3-554a0300022d,Good Ass Job,Album,2023-09-30,2023.0
164f0d73-1234-4e2c-8743-d77bf2191051,Ye,2b7d0e71-a5f5-4899-8c03-0dd7e0a564d1,So Help Me God,Album,2023-10-01,2023.0
164f0d73-1234-4e2c-8743-d77bf2191051,Ye,a9f2c54d-2c87-44ae-97e1-bd9790359d25,YEBU,Album,2023,2023.0
164f0d73-1234-4e2c-8743-d77bf2191051,Ye,410228dc-fe53-4691-92db-c7370cb6ab11,Yeezification,Album,2023-07-16,2023.0
164f0d73-1234-4e2c-8743-d77bf2191051,Ye,acd73897-c774-4c01-957d-3b35e57789d8,¥,Album,2023,2023.0
164f0d73-1234-4e2c-8743-d77bf2191051,Ye,71ae08f1-e833-41fc-abc3-73d3dde224c2,Donda 2 (Beach House edition),Album,2024-01-22,2024.0
164f0d73-1234-4e2c-8743-d77bf2191051,Ye,ca9f09f7-3e19-4453-9efb-a315da24ca77,Omari,Album,2024-06-01,2024.0
164f0d73-1234-4e2c-8743-d77bf2191051,Ye,3c2d1cc4-5977-3ff7-98ff-96060bbbab5f,8 From 808s,Album,,
164f0d73-1234-4e2c-8743-d77bf2191051,Ye,cf33abd8-425e-432f-8657-a168d419db3e,BVDMVN,Album,,
164f0d73-1234-4e2c-8743-d77bf2191051,Ye,d9a7b403-e007-41ee-b9c2-6da9abff9036,Certified Trap,Album,,
164f0d73-1234-4e2c-8743-d77bf2191051,Ye,bbd2b7a8-af80-35ff-8e2e-b2294a31d09d,Changing Lanes,,,
164f0d73-1234-4e2c-8743-d77bf2191051,Ye,05a6b07b-ae61-4c0b-8f35-caa8dbfdafde,Check the Resume,Album,,
164f0d73-1234-4e2c-8743-d77bf2191051,Ye,1329258c-fc6c-3916-9921-e4aae2e66b52,Common versus Kanye (Mixed by DJ G Spot),Album,,
164f0d73-1234-4e2c-8743-d77bf2191051,Ye,f7798ccf-2943-4058-ac34-f3682a4ec407,Donda’s Boy,Album,,
164f0d73-1234-4e2c-8743-d77bf2191051,Ye,63ae52d7-69bd-4a9c-9bdd-7a26d88cd8bc,Gone Til November (Tour CD),,,
164f0d73-1234-4e2c-8743-d77bf2191051,Ye,06dc5a43-7ca4-3e9a-8c78-02ea52d58296,Live in Amsterdam: Semester Over Seas ’05,Album,,
164f0d73-1234-4e2c-8743-d77bf2191051,Ye,64d72798-cc58-4b35-8909-35293cb75f38,Luv! - Vol. 2,Album,,
164f0d73-1234-4e2c-8743-d77bf2191051,Ye,cc0483aa-1e10-45ac-afd9-b5182f72918f,"Remixes, Spring 2009",Album,,
164f0d73-1234-4e2c-8743-d77bf2191051,Ye,336660cf-cca8-4c63-ae92-174bcf361b17,"Splash House, August 2022",Other,,
164f0d73-1234-4e2c-8743-d77bf2191051,Ye,e0bcb908-c9ce-3f1a-81cb-404b4b28a428,The Best of Kanye West,Album,,
164f0d73-1234-4e2c-8743-d77bf2191051,Ye,5e0f1f4d-68c1-46c8-b551-eff5736f1af9,The Graduate,Album,,
164f0d73-1234-4e2c-8743-d77bf2191051,Ye,ca1b69dc-51e8-319d-9310-7d41c6608d59,The Late Mixtape,Album,,
164f0d73-1234-4e2c-8743-d77bf2191051,Ye,76e6f89d-c2a2-4b42-99d0-076f5727522c,Wyoming Sessions,Album,,
164f0d73-1234-4e2c-8743-d77bf2191051,Ye,8687263a-d582-434c-a609-360d0e5385f2,Yandhi,Album,,
